legacy_id,legacy_name,legacy_index,target_product_id,target_product_name,target_parent_sku,target_path,active_variant_count,source_paths,decision
6617,"Poduszka ortopedyczna profilowana ""Silent Dream""",MFP-6035,13206,Poduszka ortopedyczna profilowana „Silent Dream”,MFP-6035,/products/poduszka-ortopedyczna-profilowana-silent-dream,1,/poduszka-ortopedyczna-profilowana-silent-dream-id-6617,PENDING_HUMAN_APPROVAL
6627,Dynamiczna poduszka do siedzenia DYNAPAD,DSC-33,13096,Dynamiczna poduszka do siedzenia „DYNAPAD”,DSC-33,/products/dynamiczna-poduszka-do-siedzenia-dynapad,1,/dynamiczna-poduszka-do-siedzenia-dynapad-37979-id-6627 | /dynamiczna-poduszka-do-siedzenia-dynapad-id-6627,PENDING_HUMAN_APPROVAL
6628,Dynamiczna poduszka do siedzenia DYNAPAD MAX,DSC-35,13095,Dynamiczna poduszka do siedzenia „DYNAPAD MAX”,DSC-35,/products/dynamiczna-poduszka-do-siedzenia-dynapad-max,1,/dynamiczna-poduszka-do-siedzenia-dynapad-max-id-6628,PENDING_HUMAN_APPROVAL
6631,Piłka rehabilitacyjna masująca MIDI,TMB-20,13267,Piłka rehabilitacyjna masująca MIDI,TMB-20,/products/pilka-rehabilitacyjna-masujaca-midi,1,/pilka-rehabilitacyjna-masujaca-midi-id-6631,PENDING_HUMAN_APPROVAL
6632,Piłka rehabilitacyjna MIDI REH,RLB,13269,Piłka rehabilitacyjna MIDI REH,RLB,/products/pilka-rehabilitacyjna-midi-reh,3,/pilka-rehabilitacyjna-midi-reh-37988-id-6632 | /pilka-rehabilitacyjna-midi-reh-id-6632,PENDING_HUMAN_APPROVAL
6644,Kula łokciowa - aluminiowa,AR-010,13129,Kula łokciowa – aluminiowa,AR-010,/products/kula-lokciowa-aluminiowa,1,/kula-lokciowa-aluminiowa-38003-id-6644 | /kula-lokciowa-aluminiowa-id-6644,PENDING_HUMAN_APPROVAL
6646,"Kula łokciowa – aluminiowa z ruchomą obejmą, ergonomiczny uchwyt",AR-025,13130,"Kula łokciowa – aluminiowa z ruchomą obejmą, ergonomiczny uchwyt",AR-025,/products/kula-lokciowa-aluminiowa-z-ruchoma-obejma-ergonomiczny-uchwyt,1,/kula-lokciowa-aluminiowa-z-ruchoma-obejma-ergonomiczny-uchwyt-70785-id-6646 | /kula-lokciowa-aluminiowa-z-ruchoma-obejma-ergonomiczny-uchwyt-id-6646,PENDING_HUMAN_APPROVAL
6647,Nasadka gumowa na kule,AR-011,13168,Nasadka gumowa na kulę,AR-011,/products/nasadka-gumowa-na-kule,1,/nasadka-gumowa-na-kule-70108-id-6647 | /nasadka-gumowa-na-kule-id-6647,PENDING_HUMAN_APPROVAL
6650,Laska inwalidzka aluminiowa z miękkim uchwytem,AR-014,13141,Laska inwalidzka aluminiowa z miękkim uchwytem,AR-014,/products/laska-inwalidzka-aluminiowa-z-miekkim-uchwytem,1,/laska-inwalidzka-aluminiowa-z-miekkim-uchwytem-70781-id-6650 | /laska-inwalidzka-aluminiowa-z-miekkim-uchwytem-id-6650,PENDING_HUMAN_APPROVAL
6652,Laska inwalidzka - trójnóg,AR-016,13135,Laska inwalidzka – trójnóg,AR-016,/products/laska-inwalidzka-trojnog,1,/laska-inwalidzka-trojnog-id-6652,PENDING_HUMAN_APPROVAL
6654,Laska inwalidzka – czwórnóg wysoki,AR-017W,13136,Laska inwalidzka – czwórnóg wysoki,AR-017W,/products/laska-inwalidzka-czwornog-wysoki,1,/laska-inwalidzka-czwornog-wysoki-id-6654,PENDING_HUMAN_APPROVAL
6661,"Podpórka rehabilitacyjna 4-kołowa, aluminiowa. DYNAMIC",AR-007,13254,"Podpórka rehabilitacyjna 4-kołowa, aluminiowa. DYNAMIC",AR-007,/products/podporka-rehabilitacyjna-4-kolowa-aluminiowa-dynamic,1,/podporka-rehabilitacyjna-4-kolowa-aluminiowa-dynamic-id-6661,PENDING_HUMAN_APPROVAL
6663,"Balkonik aluminiowy z kulką – składany, dwukołowy",AR-009,13089,"Balkonik aluminiowy z kulką – składany, dwukołowy",AR-009,/products/balkonik-aluminiowy-z-kulka-skladany-dwukolowy,1,/balkonik-aluminiowy-z-kulka-skladany-dwukolowy-id-6663,PENDING_HUMAN_APPROVAL
6664,Podpórka rehabilitacyjna dwukołowa STANDARD,AR-020,13236,Podpórka rehabilitacyjna dwukołowa. STANDARD,AR-020,/products/podporka-rehabilitacyjna-dwukolowa-standard,1,/podporka-rehabilitacyjna-dwukolowa-standard-id-6664,PENDING_HUMAN_APPROVAL
6666,Podpórka rehabilitacyjna 4-kołowa - aluminiowa. COMFORT,AR-022,13250,Podpórka rehabilitacyjna 4-kołowa – aluminiowa. COMFORT,AR-022,/products/podporka-rehabilitacyjna-4-kolowa-aluminiowa-comfort,1,/podporka-rehabilitacyjna-4-kolowa-aluminiowa-comfort-id-6666,PENDING_HUMAN_APPROVAL
6667,Balkonik aluminiowy krocząco–stały ułatwiający wstawanie,AR-023,13083,"Balkonik aluminiowy – krocząco–stały, ułatwiający wstawanie",AR-023,/products/balkonik-aluminiowy-kroczaco-staly-ulatwiajacy-wstawanie,1,/balkonik-aluminiowy-kroczacostaly-ulatwiajacy-wstawanie-id-6667,PENDING_HUMAN_APPROVAL
6668,Krzesło toaletowe składane,AR-101,13124,Krzesło toaletowe – składane,AR-101,/products/krzeslo-toaletowe-skladane,1,/krzeslo-toaletowe-skladane-id-6668,PENDING_HUMAN_APPROVAL
6670,Krzesło toaletowe tapicerowane,AR-103,13126,Krzesło toaletowe tapicerowane,AR-103,/products/krzeslo-toaletowe-tapicerowane,1,/krzeslo-toaletowe-tapicerowane-id-6670,PENDING_HUMAN_APPROVAL
6687,Taboret prysznicowy z wycięciem U,AR-209,13151,Taboret prysznicowy z wycięciem U,AR-209,/products/taboret-prysznicowy-z-wycieciem-u,1,/taboret-prysznicowy-z-wycieciem-u-id-6687,PENDING_HUMAN_APPROVAL
11156,Laska inwalidzka aluminiowa z miękkim uchwytem ERGO,AR-014E,13139,Laska inwalidzka aluminiowa z miękkim uchwytem ERGO,AR-014E,/products/laska-inwalidzka-aluminiowa-z-miekkim-uchwytem-ergo,1,/laska-inwalidzka-aluminiowa-z-miekkim-uchwytem-ergo-id-11156,PENDING_HUMAN_APPROVAL
13663,Poduszka ortopedyczna do siedzenia “PERFECT BALANCE”,MFP-4009,13239,Poduszka ortopedyczna do siedzenia „PERFECT BALANCE”,MFP-4009,/products/poduszka-ortopedyczna-do-siedzenia-perfect-balance,1,/poduszka-ortopedyczna-do-siedzenia-perfect-balance-id-13663,PENDING_HUMAN_APPROVAL
13664,Laska inwalidzka – czwórnóg z miękkim uchwytem T-SOFT,AR-017M,13133,Laska inwalidzka – czwórnóg z miękkim uchwytem T-SOFT,AR-017M,/products/laska-inwalidzka-czwornog-z-miekkim-uchwytem-t-soft,1,/-laska-inwalidzka-czwornog-z-miekkim-uchwytem-t-soft-id-13664,PENDING_HUMAN_APPROVAL
