Legacy ID,Legacy index / parent SKU,Historical product name,New product ID,New product URL,Active variants (aggregate),Legacy URL paths,Manufacturer/model check,Documentary recommendation,Rationale,Remaining requirement / warning,Manufacturer / external source,Corroborating source,Executable approval state
6617,MFP-6035,"Poduszka ortopedyczna profilowana ""Silent Dream""",13206,https://ortezka.pl/products/poduszka-ortopedyczna-profilowana-silent-dream,1,1,MODEL_CODE_CONFIRMED,RECOMMEND_APPROVE_301,ARmedical identifies MFP-6035 as the Silent Dream contoured sleeping pillow.,Parent model agrees; no variant-specific blocker identified.,https://armedical.pl/oferta/poduszka-ortopedyczna-profilowana-silent-dream/,,PENDING_HUMAN_APPROVAL
6627,DSC-33,Dynamiczna poduszka do siedzenia DYNAPAD,13096,https://ortezka.pl/products/dynamiczna-poduszka-do-siedzenia-dynapad,1,2,MODEL_CODE_CONFIRMED,RECOMMEND_APPROVE_301,"Manufacturer identifies DSC-33 as DYNAPAD (33 cm), distinct from MAX.",One active variant need not represent all historical colours; ensure product text does not claim unavailable options.,https://armedical.pl/oferta/dynamiczna-poduszka-do-siedzenia-dynapad/,,PENDING_HUMAN_APPROVAL
6628,DSC-35,Dynamiczna poduszka do siedzenia DYNAPAD MAX,13095,https://ortezka.pl/products/dynamiczna-poduszka-do-siedzenia-dynapad-max,1,1,MODEL_CODE_CONFIRMED,RECOMMEND_APPROVE_301,"Manufacturer identifies DSC-35 as DYNAPAD MAX (35 cm), distinct from DSC-33.",Maintain MAX nomenclature and diameter.,https://armedical.pl/oferta/dynamiczna-poduszka-do-siedzenia-dynapad-max/,,PENDING_HUMAN_APPROVAL
6631,TMB-20,Piłka rehabilitacyjna masująca MIDI,13267,https://ortezka.pl/products/pilka-rehabilitacyjna-masujaca-midi,1,1,MODEL_CODE_CONFIRMED,RECOMMEND_APPROVE_301,Manufacturer identifies TMB-20 as the 20 cm textured/massage MIDI ball.,Do not conflate TMB-20 with plain RLB MIDI REH.,https://armedical.pl/oferta/pilka-rehabilitacyjna-masujaca-midi/,,PENDING_HUMAN_APPROVAL
6632,RLB,Piłka rehabilitacyjna MIDI REH,13269,https://ortezka.pl/products/pilka-rehabilitacyjna-midi-reh,3,2,MODEL_CODE_CONFIRMED,HOLD,"Manufacturer identifies RLB as MIDI REH parent range: RLB-20, RLB-25 and RLB-30.",Check exact three ACTIVE child SKUs/sizes and how the historic product size choices map to them.,https://armedical.pl/oferta/pilka-rehabilitacyjna-midi-reh/,,PENDING_HUMAN_APPROVAL
6644,AR-010,Kula łokciowa - aluminiowa,13129,https://ortezka.pl/products/kula-lokciowa-aluminiowa,1,2,MODEL_CODE_CONFIRMED,RECOMMEND_APPROVE_301,Manufacturer identifies AR-010 as the standard aluminium elbow crutch with open cuff.,Preserve distinction from AR-025 pivoting-cuff model.,https://armedical.pl/oferta/kula-lokciowa-aluminiowa/,,PENDING_HUMAN_APPROVAL
6646,AR-025,"Kula łokciowa – aluminiowa z ruchomą obejmą, ergonomiczny uchwyt",13130,https://ortezka.pl/products/kula-lokciowa-aluminiowa-z-ruchoma-obejma-ergonomiczny-uchwyt,1,2,MODEL_CODE_CONFIRMED,HOLD,"Manufacturer identifies AR-025 as the pivoting-cuff ergonomic elbow crutch, with separate left/right versions.",Only one active target variant was established; confirm whether it represents left or right and whether historic choices are correctly disclosed.,https://armedical.pl/oferta/kula-lokciowa-aluminiowa-z-ruchoma-obejma-ergonomiczny-uchwyt/,https://kule.pl/pl/p/Kula-inwalidzka-ARmedical-AR-025-anatomiczna-szara-1-sztuka/1024,PENDING_HUMAN_APPROVAL
6647,AR-011,Nasadka gumowa na kule,13168,https://ortezka.pl/products/nasadka-gumowa-na-kule,1,2,MODEL_CODE_CONFIRMED,RECOMMEND_APPROVE_301,"Manufacturer identifies AR-011 as a rubber tip for an elbow crutch, not a complete crutch.",Preserve standalone accessory identity; do not conflate alternative tip families.,https://armedical.pl/oferta/nasadka-gumowa-na-kule/,,PENDING_HUMAN_APPROVAL
6650,AR-014,Laska inwalidzka aluminiowa z miękkim uchwytem,13141,https://ortezka.pl/products/laska-inwalidzka-aluminiowa-z-miekkim-uchwytem,1,2,MODEL_CODE_CONFIRMED,RECOMMEND_APPROVE_301,"Model AR-014 is identified as the soft-grip aluminium walking cane, distinct from AR-014E ERGO.",Do not relabel as ERGO.,https://mediplus.pl/kule-i-laski/laska-inwalidzka-aluminiowa-z-miekkim-uchwytem,,PENDING_HUMAN_APPROVAL
6652,AR-016,Laska inwalidzka - trójnóg,13135,https://ortezka.pl/products/laska-inwalidzka-trojnog,1,1,MODEL_CODE_CONFIRMED,RECOMMEND_APPROVE_301,Manufacturer identifies AR-016 as the three-legged cane (trójnóg).,Keep distinct from four-legged AR-017W and AR-017M.,https://armedical.pl/oferta/laska-inwalidzka-trojnog/,,PENDING_HUMAN_APPROVAL
6654,AR-017W,Laska inwalidzka – czwórnóg wysoki,13136,https://ortezka.pl/products/laska-inwalidzka-czwornog-wysoki,1,1,MODEL_CODE_CONFIRMED,RECOMMEND_APPROVE_301,Manufacturer identifies AR-017W as the tall four-legged cane.,Keep W model distinct from AR-017M T-SOFT.,https://armedical.pl/oferta/laska-inwalidzka-czwornog-wysoki/,,PENDING_HUMAN_APPROVAL
6661,AR-007,"Podpórka rehabilitacyjna 4-kołowa, aluminiowa. DYNAMIC",13254,https://ortezka.pl/products/podporka-rehabilitacyjna-4-kolowa-aluminiowa-dynamic,1,1,MODEL_CODE_CONFIRMED,RECOMMEND_APPROVE_301,Manufacturer identifies AR-007 as the aluminium four-wheel DYNAMIC rollator.,Keep distinct from AR-022 COMFORT transport-capable model.,https://armedical.pl/oferta/podporka-rehabilitacyjna-4-kolowa-aluminiowa-dynamic/,,PENDING_HUMAN_APPROVAL
6663,AR-009,"Balkonik aluminiowy z kulką – składany, dwukołowy",13089,https://ortezka.pl/products/balkonik-aluminiowy-z-kulka-skladany-dwukolowy,1,1,MODEL_CODE_CONFIRMED,RECOMMEND_APPROVE_301,Manufacturer identifies AR-009 as the ball-release folding two-wheel aluminium walking frame.,Keep release mechanism and two-wheel designation.,https://armedical.pl/oferta/balkonik-aluminiowy-z-kulka-skladany-dwukolowy/,,PENDING_HUMAN_APPROVAL
6664,AR-020,Podpórka rehabilitacyjna dwukołowa STANDARD,13236,https://ortezka.pl/products/podporka-rehabilitacyjna-dwukolowa-standard,1,1,MODEL_CODE_CONFIRMED,HOLD,"Manufacturer Polish page calls AR-020 a folding steel-frame two-wheel STANDARD, while manufacturer English page calls its frame aluminium.",Confirm actual product frame material and compare old and target product descriptions before redirect approval.,https://armedical.pl/pl/oferta/podporka-rehabilitacyjna-dwukolowa-standard/,https://armedical.pl/en/oferta/podporka-rehabilitacyjna-dwukolowa-standard/,PENDING_HUMAN_APPROVAL
6666,AR-022,Podpórka rehabilitacyjna 4-kołowa - aluminiowa. COMFORT,13250,https://ortezka.pl/products/podporka-rehabilitacyjna-4-kolowa-aluminiowa-comfort,1,1,MODEL_CODE_CONFIRMED,RECOMMEND_APPROVE_301,Manufacturer identifies AR-022 as the COMFORT four-wheel rollator with transport function/footrest.,Preserve transport-function distinction from DYNAMIC AR-007.,https://armedical.pl/oferta/podporka-rehabilitacyjna-4-kolowa-aluminiowa-comfort/,,PENDING_HUMAN_APPROVAL
6667,AR-023,Balkonik aluminiowy krocząco–stały ułatwiający wstawanie,13083,https://ortezka.pl/products/balkonik-aluminiowy-kroczaco-staly-ulatwiajacy-wstawanie,1,1,MODEL_CODE_CONFIRMED,RECOMMEND_APPROVE_301,Manufacturer identifies AR-023 as sit-to-stand aid with dual-level handholds.,Preserve rise-assistance and walking-frame distinction.,https://armedical.pl/oferta/balkonik-aluminiowy-kroczaco-staly-ulatwiajacy-wstawanie/,,PENDING_HUMAN_APPROVAL
6668,AR-101,Krzesło toaletowe składane,13124,https://ortezka.pl/products/krzeslo-toaletowe-skladane,1,1,MODEL_CODE_CONFIRMED,RECOMMEND_APPROVE_301,"Manufacturer identifies AR-101 as the folding toilet chair, distinct from upholstered AR-103.",Preserve folding frame and not upholstered claim.,https://armedical.pl/?p=549,,PENDING_HUMAN_APPROVAL
6670,AR-103,Krzesło toaletowe tapicerowane,13126,https://ortezka.pl/products/krzeslo-toaletowe-tapicerowane,1,1,MODEL_CODE_CONFIRMED,RECOMMEND_APPROVE_301,"Manufacturer identifies AR-103 as upholstered toilet chair, distinct from folding AR-101/AR-102.",Preserve upholstery distinction and sanitary container description.,https://armedical.pl/oferta/krzeslo-toaletowe-tapicerowane/,,PENDING_HUMAN_APPROVAL
6687,AR-209,Taboret prysznicowy z wycięciem U,13151,https://ortezka.pl/products/taboret-prysznicowy-z-wycieciem-u,1,1,MODEL_CODE_CONFIRMED,HOLD,"AR-209 U-cutout shower stool identity confirmed, but manufacturer current listing states height 35–53 cm/weight 1.8 kg while a retailer lists 35–45 cm/2.1 kg.",Verify product revision and exact target/legacy dimensions and load ratings; no automatic approval on title alone.,https://armedical.pl/oferta/taboret-prysznicowy-z-wycieciem-u/,https://megamedic.pl/pl/p/Taboret-prysznicowy-z-wycieciem-U-Armedical-AR-209/1543,PENDING_HUMAN_APPROVAL
11156,AR-014E,Laska inwalidzka aluminiowa z miękkim uchwytem ERGO,13139,https://ortezka.pl/products/laska-inwalidzka-aluminiowa-z-miekkim-uchwytem-ergo,1,1,MODEL_CODE_CONFIRMED,RECOMMEND_APPROVE_301,Manufacturer identifies AR-014E as ERGO soft-grip aluminium walking cane.,Preserve ERGO designation; not interchangeable with AR-014.,https://armedical.pl/en/oferta/laska-inwalidzka-aluminiowa-z-miekkim-uchwytem-ergo/,,PENDING_HUMAN_APPROVAL
13663,MFP-4009,Poduszka ortopedyczna do siedzenia PERFECT BALANCE,13239,https://ortezka.pl/products/poduszka-ortopedyczna-do-siedzenia-perfect-balance,1,1,MODEL_CODE_CONFIRMED,RECOMMEND_APPROVE_301,Manufacturer identifies MFP-4009 as PERFECT BALANCE orthopedic seating cushion.,Keep distinct from EXCLUSIVE SEAT and other cushions.,https://armedical.pl/oferta/poduszka-ortopedyczna-do-siedzenia-perfect-balance/,,PENDING_HUMAN_APPROVAL
13664,AR-017M,Laska inwalidzka – czwórnóg z miękkim uchwytem T-SOFT,13133,https://ortezka.pl/products/laska-inwalidzka-czwornog-z-miekkim-uchwytem-t-soft,1,1,MODEL_CODE_CONFIRMED,RECOMMEND_APPROVE_301,Manufacturer identifies AR-017M as T-SOFT four-legged soft-handle walking cane.,Do not conflate with AR-017W tall quad cane.,https://armedical.pl/oferta/laska-inwalidzka-czwornog-z-miekkim-uchwytem-t-soft/,,PENDING_HUMAN_APPROVAL
