legacy_id,legacy_h1,legacy_index,candidate_product_id,candidate_product_name,candidate_target_path,candidate_external_source,candidate_external_parent_sku,variant_candidate_variant_sku,variant_candidate_variant_status,name_candidate_product_id,name_candidate_product_name,source_path_count,source_paths,review_decision
3162,Kliny rehabilitacyjne,AT03551,10950,Klin rehabilitacyjny AT03551,/products/klin-rehabilitacyjny-at03551,antar,AT03551,AT03551,active,,,2,/kliny-rehabilitacyjne-8336-id-3162|/kliny-rehabilitacyjne-id-3162,HOLD_NAME_DIVERGENCE
3192,Orteza kręgosłupa lędźwiowo-krzyżowa,2068,11173,Pas lędźwiowy 2068,/products/pas-ledzwiowy-2068,antar,2068,2068,active,,,2,/orteza-kregoslupa-ledzwiowo-krzyzowa-8416-id-3192|/orteza-kregoslupa-ledzwiowo-krzyzowa-id-3192,HOLD_NAME_DIVERGENCE
3204,Orteza kręgosłupa lędźwiowo-krzyżowa,2268,11174,Pas lędźwiowy z 4 wzmocnieniami 2268,/products/pas-ledzwiowy-z-4-wzmocnieniami-2268,antar,2268,2268,active,,,2,/orteza-kregoslupa-ledzwiowo-krzyzowa-8479-id-3204|/orteza-kregoslupa-ledzwiowo-krzyzowa-id-3204,HOLD_NAME_DIVERGENCE
3210,Aparat usztywniający żebra - męski -,4073,11179,Pas żebrowy 4073,/products/pas-zebrowy-4073,antar,4073,4073,active,,,1,/aparat-usztywniajacy-zebra-meski--id-3210,HOLD_NAME_DIVERGENCE
3211,Aparat usztywniający żebra - damski,4074,11180,Pas żebrowy 4074,/products/pas-zebrowy-4074,antar,4074,4074,active,,,1,/aparat-usztywniajacy-zebra-damski-id-3211,HOLD_NAME_DIVERGENCE
3213,Orteza odciągająco-korygująca obojczyka 2075,2075,10971,Korektor postawy 2075,/products/korektor-postawy-2075,antar,2075,2075,active,,,2,/orteza-odciagajaco-korygujaca-obojczyka-2075-8502-id-3213|/orteza-odciagajaco-korygujaca-obojczyka-2075-id-3213,HOLD_NAME_DIVERGENCE
3220,Aparat usztywniający obojczyk - 4075,4075,11320,Stabilizator obojczyka 4075,/products/stabilizator-obojczyka-4075,antar,4075,4075,active,,,2,/aparat-usztywniajacy-obojczyk-4075-8536-id-3220|/aparat-usztywniajacy-obojczyk-4075-id-3220,HOLD_NAME_DIVERGENCE
3221,Aparat usztywniający ramię i bark,4089,11289,Stabilizator barku 4089,/products/stabilizator-barku-4089,antar,4089,4089,active,,,1,/aparat-usztywniajacy-ramie-i-bark-id-3221,HOLD_NAME_DIVERGENCE
3222,Orteza stawu nadgarstkowego usztywniająca OPPO 1081,1081,11316,Stabilizator nadgarstka 1081,/products/stabilizator-nadgarstka,antar,1081,1081,active,,,2,/orteza-stawu-nadgarstkowego-usztywniajaca-oppo-1081-8540-id-3222|/orteza-stawu-nadgarstkowego-usztywniajaca-oppo-1081-id-3222,HOLD_NAME_DIVERGENCE
3229,Orteza stawu nadgarstkowego usztywniająca OPPO 2081,2081,10924,Stabilizator nadgarstka 2081,/products/elastyczny-stabilizator-nadgarstka-2081,antar,2081,2081,active,,,1,/orteza-stawu-nadgarstkowego-usztywniajaca-oppo-2081-id-3229,HOLD_NAME_DIVERGENCE
3231,Orteza stawu nadgarstkowego ograniczająca,2083,10926,Stabilizator nadgarstka 2083,/products/elastyczny-stabilizator-nadgarstka,antar,2083,2083,active,,,1,/orteza-stawu-nadgarstkowego-ograniczajaca-id-3231,HOLD_NAME_DIVERGENCE
3232,Orteza stawu nadgarstkowego ograniczająca,2181,10923,Stabilizator nadgarstka 2181,/products/elastyczny-stabilizator-nadgarstka-2,antar,2181,2181,active,,,1,/orteza-stawu-nadgarstkowego-ograniczajaca-id-3232,HOLD_NAME_DIVERGENCE
3234,Orteza stawu nadgarstkowego,2281,11312,Stabilizator nadgarstka 2281,/products/stabilizator-nadgarstka-2,antar,2281,2281,active,,,2,/orteza-stawu-nadgarstkowego-8571-id-3234|/orteza-stawu-nadgarstkowego-id-3234,HOLD_NAME_DIVERGENCE
3235,Aparat na nadgarstek i przedramię,2288,10914,Długa orteza nadgarstka z taśmą mocującą 2288,/products/dluga-orteza-nadgarstka-z-tasma-mocujaca-2288,antar,2288,2288,active,,,2,/aparat-na-nadgarstek-i-przedramie-8574-id-3235|/aparat-na-nadgarstek-i-przedramie-id-3235,HOLD_NAME_DIVERGENCE
3241,Aparat na palec - 4280,4280,11322,Stabilizator palca – podwójne mocowanie 4280,/products/stabilizator-palca-podwojne-mocowanie-4280,antar,4280,4280,active,,,2,/aparat-na-palec---4280-8604-id-3241|/aparat-na-palec---4280-id-3241,HOLD_NAME_DIVERGENCE
3242,Aparat na palec 4281,4281,11321,Stabilizator palca 4281,/products/stabilizator-palca-4281,antar,4281,4281,active,,,2,/aparat-na-palec-4281-8605-id-3242|/aparat-na-palec-4281-id-3242,HOLD_NAME_DIVERGENCE
3319,Aparat na staw skokowy typu but - 3009,3009,11331,Stabilizator stawu skokowego i stopy 3009,/products/stabilizator-stawu-skokowego-i-stopy-3009,antar,3009,3009,active,,,2,/aparat-na-staw-skokowy-typu-but---3009-8831-id-3319|/aparat-na-staw-skokowy-typu-but---3009-id-3319,HOLD_NAME_DIVERGENCE
3321,Aparat na staw skokowy usztywniający - 4009,4009,10867,Biustonosz LANA 4009,/products/biustonosz-lana-4009,antar,4009,4009,active,,,2,/aparat-na-staw-skokowy-usztywniajacy-4009-8838-id-3321|/aparat-na-staw-skokowy-usztywniajacy-4009-id-3321,HOLD_NAME_DIVERGENCE
3322,Aparat na staw skokowy usztywniający,4106,11336,Stabilizator stawu skokowego 4106,/products/stabilizator-stawu-skokowego-z-sstabilizator-stawu-skokowego-4106,antar,4106,4106,active,,,2,/aparat-na-staw-skokowy-usztywniajacy-8839-id-3322|/aparat-na-staw-skokowy-usztywniajacy-id-3322,HOLD_NAME_DIVERGENCE
3324,Aparat na staw skokowy usztywniający - 4206,4206,11330,Stabilizator stawu skokowego 4206,/products/stabilizator-stawu-skokowego-4206,antar,4206,4206,active,,,2,/aparat-na-staw-skokowy-usztywniajacy-4206-8847-id-3324|/aparat-na-staw-skokowy-usztywniajacy-4206-id-3324,HOLD_NAME_DIVERGENCE
3331,Orteza stawu kolanowego z szynami bocznymi,1032,11296,Stabilizator kolana z zawiasami 1032,/products/stabilizator-kolana-z-zawiasami-1032,antar,1032,1032,active,,,2,/orteza-stawu-kolanowego-z-szynami-bocznymi-8885-id-3331|/orteza-stawu-kolanowego-z-szynami-bocznymi-id-3331,HOLD_NAME_DIVERGENCE
3334,Orteza stawu kolanowego z osłoną rzepki,1124,10974,Stabilizator kolana odciążający rzepkę 1124,/products/krotki-stabilizator-kolana-odciazajacy-rzepke-1124,antar,1124,1124,active,,,1,/orteza-stawu-kolanowego-z-oslona-rzepki-id-3334,HOLD_NAME_DIVERGENCE
3339,Orteza stawu kolanowego z osłoną rzepki 1429,1429,11042,Opaska podtrzymująca rzepkę kolanową 1429,/products/opaska-podtrzymujaca-rzepke-kolanowa-1429,antar,1429,1429,active,,,1,/orteza-stawu-kolanowego-z-oslona-rzepki-1429-id-3339,HOLD_NAME_DIVERGENCE
3341,Orteza stawu kolanowego z szynami bocznymi,2037,11298,"Stabilizator kolana z zawiasami, z przewiewnej tkaniny 2037",/products/stabilizator-kolana-z-zawiasami-z-przewiewnej-tkaniny-2037,antar,2037,2037,active,,,2,/orteza-stawu-kolanowego-z-szynami-bocznymi-8909-id-3341|/orteza-stawu-kolanowego-z-szynami-bocznymi-id-3341,HOLD_NAME_DIVERGENCE
3359,Orteza stawu łokciowego długa - z pelotą,1080,11304,Stabilizator łokcia tenisisty z silikonową wkładką 1080,/products/stabilizator-lokcia-tenisisty-z-silikonowa-wkladka-1080,antar,1080,1080,active,,,2,/orteza-stawu-lokciowego-dluga-z-pelota-8954-id-3359|/orteza-stawu-lokciowego-dluga-z-pelota-id-3359,HOLD_NAME_DIVERGENCE
3360,Orteza stawu łokciowego z pelotą,1086,11305,Stabilizator łokcia tenisisty z silikonową wkładką 1086,/products/stabilizator-lokcia-tenisisty-z-silikonowa-wkladka-1086,antar,1086,1086,active,,,2,/orteza-stawu-lokciowego-z-pelota-8963-id-3360|/orteza-stawu-lokciowego-z-pelota-id-3360,HOLD_NAME_DIVERGENCE
3362,Orteza stawu łokciowego zachowująca jego ruch,2085,10921,Stabilizator łokcia 2085,/products/elastyczny-stabilizator-lokcia-2085,antar,2085,2085,active,,,2,/orteza-stawu-lokciowego-zachowujaca-jego-ruch-8969-id-3362|/orteza-stawu-lokciowego-zachowujaca-jego-ruch-id-3362,HOLD_NAME_DIVERGENCE
3363,Orteza łokcia ograniczająca jego zakres ruchu,2185,11038,Opaska elastyczna na łokieć 2185,/products/opaska-elastyczna-na-lokiec-2185,antar,2185,2185,active,,,1,/orteza-lokcia-ograniczajaca-jego-zakres-ruchu-id-3363,HOLD_NAME_DIVERGENCE
6971,AT51201 Nasadki toaletowe z pokrywą 10 cm,AT51201,11031,Nasadka toaletowa podwyższająca AT51201,/products/nasadka-toaletowa-podwyzszajaca-at51201,antar,AT51201,AT51201,active,,,1,/at51201-nasadki-toaletowe-z-pokrywa-10-cm-id-6971,HOLD_NAME_DIVERGENCE
6972,AT51202 Nasadki toaletowe z pokrywą 15 cm,AT51202,11032,Nasadka toaletowa podwyższająca AT51202,/products/nasadka-toaletowa-podwyzszajaca-at51202,antar,AT51202,AT51202,active,,,1,/at51202-nasadki-toaletowe-z-pokrywa-15-cm-id-6972,HOLD_NAME_DIVERGENCE
7560,S-01 Stabilizator stawu skokowego,S-01,9619,Materac Rurowy Przeciwodleżynowy Rehabilitacyjny Na Odleżyny Wygodny 136 kg,/products/materac-rurowy-przeciwodlezynowy-rehabilitacyjny-na-odlezyny-wygodny-136-kg,medreha,S-01,S-01,active,,,2,/s-01-stabilizator-stawu-skokowego-44359-id-7560|/s-01-stabilizator-stawu-skokowego-id-7560,HOLD_NAME_DIVERGENCE
9536,AT51112 Podpórka aluminiowa 4-kołowa ULTRALIGHT,AT51112,10893,Chodzik AT51112,/products/chodzik-at51112,antar,AT51112,AT51112,active,,,2,/at51112-podporka-aluminiowa-4-kolowa-ultralight-60882-id-9536|/at51112-podporka-aluminiowa-4-kolowa-ultralight-id-9536,HOLD_NAME_DIVERGENCE
