legacy_id,legacy_index,legacy_h1,candidate_product_name,candidate_target_path,variant_candidate_variant_sku,source_path_count,source_paths,review_decision,safe_for_owner_decision,hold,review_rationale
3162,AT03551,Kliny rehabilitacyjne,Klin rehabilitacyjny AT03551,/products/klin-rehabilitacyjny-at03551,AT03551,2,/kliny-rehabilitacyjne-8336-id-3162|/kliny-rehabilitacyjne-id-3162,SAFE_FOR_OWNER_DECISION,True,False,Variant SKU and parent identifier independently resolve to the same storefront-reachable target product. The legacy and target descriptions remain within a coherent product/function family; difference is treated as historical catalogue naming rather than product-identity contradiction.
3192,2068,Orteza kręgosłupa lędźwiowo-krzyżowa,Pas lędźwiowy 2068,/products/pas-ledzwiowy-2068,2068,2,/orteza-kregoslupa-ledzwiowo-krzyzowa-8416-id-3192|/orteza-kregoslupa-ledzwiowo-krzyzowa-id-3192,SAFE_FOR_OWNER_DECISION,True,False,Variant SKU and parent identifier independently resolve to the same storefront-reachable target product. The legacy and target descriptions remain within a coherent product/function family; difference is treated as historical catalogue naming rather than product-identity contradiction.
3204,2268,Orteza kręgosłupa lędźwiowo-krzyżowa,Pas lędźwiowy z 4 wzmocnieniami 2268,/products/pas-ledzwiowy-z-4-wzmocnieniami-2268,2268,2,/orteza-kregoslupa-ledzwiowo-krzyzowa-8479-id-3204|/orteza-kregoslupa-ledzwiowo-krzyzowa-id-3204,SAFE_FOR_OWNER_DECISION,True,False,Variant SKU and parent identifier independently resolve to the same storefront-reachable target product. The legacy and target descriptions remain within a coherent product/function family; difference is treated as historical catalogue naming rather than product-identity contradiction.
3210,4073,Aparat usztywniający żebra - męski -,Pas żebrowy 4073,/products/pas-zebrowy-4073,4073,1,/aparat-usztywniajacy-zebra-meski--id-3210,SAFE_FOR_OWNER_DECISION,True,False,Variant SKU and parent identifier independently resolve to the same storefront-reachable target product. The legacy and target descriptions remain within a coherent product/function family; difference is treated as historical catalogue naming rather than product-identity contradiction.
3211,4074,Aparat usztywniający żebra - damski,Pas żebrowy 4074,/products/pas-zebrowy-4074,4074,1,/aparat-usztywniajacy-zebra-damski-id-3211,SAFE_FOR_OWNER_DECISION,True,False,Variant SKU and parent identifier independently resolve to the same storefront-reachable target product. The legacy and target descriptions remain within a coherent product/function family; difference is treated as historical catalogue naming rather than product-identity contradiction.
3213,2075,Orteza odciągająco-korygująca obojczyka 2075,Korektor postawy 2075,/products/korektor-postawy-2075,2075,2,/orteza-odciagajaco-korygujaca-obojczyka-2075-8502-id-3213|/orteza-odciagajaco-korygujaca-obojczyka-2075-id-3213,SAFE_FOR_OWNER_DECISION,True,False,Variant SKU and parent identifier independently resolve to the same storefront-reachable target product. The legacy and target descriptions remain within a coherent product/function family; difference is treated as historical catalogue naming rather than product-identity contradiction.
3220,4075,Aparat usztywniający obojczyk - 4075,Stabilizator obojczyka 4075,/products/stabilizator-obojczyka-4075,4075,2,/aparat-usztywniajacy-obojczyk-4075-8536-id-3220|/aparat-usztywniajacy-obojczyk-4075-id-3220,SAFE_FOR_OWNER_DECISION,True,False,Variant SKU and parent identifier independently resolve to the same storefront-reachable target product. The legacy and target descriptions remain within a coherent product/function family; difference is treated as historical catalogue naming rather than product-identity contradiction.
3221,4089,Aparat usztywniający ramię i bark,Stabilizator barku 4089,/products/stabilizator-barku-4089,4089,1,/aparat-usztywniajacy-ramie-i-bark-id-3221,SAFE_FOR_OWNER_DECISION,True,False,Variant SKU and parent identifier independently resolve to the same storefront-reachable target product. The legacy and target descriptions remain within a coherent product/function family; difference is treated as historical catalogue naming rather than product-identity contradiction.
3222,1081,Orteza stawu nadgarstkowego usztywniająca OPPO 1081,Stabilizator nadgarstka 1081,/products/stabilizator-nadgarstka,1081,2,/orteza-stawu-nadgarstkowego-usztywniajaca-oppo-1081-8540-id-3222|/orteza-stawu-nadgarstkowego-usztywniajaca-oppo-1081-id-3222,SAFE_FOR_OWNER_DECISION,True,False,Variant SKU and parent identifier independently resolve to the same storefront-reachable target product. The legacy and target descriptions remain within a coherent product/function family; difference is treated as historical catalogue naming rather than product-identity contradiction.
3229,2081,Orteza stawu nadgarstkowego usztywniająca OPPO 2081,Stabilizator nadgarstka 2081,/products/elastyczny-stabilizator-nadgarstka-2081,2081,1,/orteza-stawu-nadgarstkowego-usztywniajaca-oppo-2081-id-3229,SAFE_FOR_OWNER_DECISION,True,False,Variant SKU and parent identifier independently resolve to the same storefront-reachable target product. The legacy and target descriptions remain within a coherent product/function family; difference is treated as historical catalogue naming rather than product-identity contradiction.
3231,2083,Orteza stawu nadgarstkowego ograniczająca,Stabilizator nadgarstka 2083,/products/elastyczny-stabilizator-nadgarstka,2083,1,/orteza-stawu-nadgarstkowego-ograniczajaca-id-3231,SAFE_FOR_OWNER_DECISION,True,False,Variant SKU and parent identifier independently resolve to the same storefront-reachable target product. The legacy and target descriptions remain within a coherent product/function family; difference is treated as historical catalogue naming rather than product-identity contradiction.
3232,2181,Orteza stawu nadgarstkowego ograniczająca,Stabilizator nadgarstka 2181,/products/elastyczny-stabilizator-nadgarstka-2,2181,1,/orteza-stawu-nadgarstkowego-ograniczajaca-id-3232,SAFE_FOR_OWNER_DECISION,True,False,Variant SKU and parent identifier independently resolve to the same storefront-reachable target product. The legacy and target descriptions remain within a coherent product/function family; difference is treated as historical catalogue naming rather than product-identity contradiction.
3234,2281,Orteza stawu nadgarstkowego,Stabilizator nadgarstka 2281,/products/stabilizator-nadgarstka-2,2281,2,/orteza-stawu-nadgarstkowego-8571-id-3234|/orteza-stawu-nadgarstkowego-id-3234,SAFE_FOR_OWNER_DECISION,True,False,Variant SKU and parent identifier independently resolve to the same storefront-reachable target product. The legacy and target descriptions remain within a coherent product/function family; difference is treated as historical catalogue naming rather than product-identity contradiction.
3235,2288,Aparat na nadgarstek i przedramię,Długa orteza nadgarstka z taśmą mocującą 2288,/products/dluga-orteza-nadgarstka-z-tasma-mocujaca-2288,2288,2,/aparat-na-nadgarstek-i-przedramie-8574-id-3235|/aparat-na-nadgarstek-i-przedramie-id-3235,SAFE_FOR_OWNER_DECISION,True,False,Variant SKU and parent identifier independently resolve to the same storefront-reachable target product. The legacy and target descriptions remain within a coherent product/function family; difference is treated as historical catalogue naming rather than product-identity contradiction.
3241,4280,Aparat na palec - 4280,Stabilizator palca – podwójne mocowanie 4280,/products/stabilizator-palca-podwojne-mocowanie-4280,4280,2,/aparat-na-palec---4280-8604-id-3241|/aparat-na-palec---4280-id-3241,SAFE_FOR_OWNER_DECISION,True,False,Variant SKU and parent identifier independently resolve to the same storefront-reachable target product. The legacy and target descriptions remain within a coherent product/function family; difference is treated as historical catalogue naming rather than product-identity contradiction.
3242,4281,Aparat na palec 4281,Stabilizator palca 4281,/products/stabilizator-palca-4281,4281,2,/aparat-na-palec-4281-8605-id-3242|/aparat-na-palec-4281-id-3242,SAFE_FOR_OWNER_DECISION,True,False,Variant SKU and parent identifier independently resolve to the same storefront-reachable target product. The legacy and target descriptions remain within a coherent product/function family; difference is treated as historical catalogue naming rather than product-identity contradiction.
3319,3009,Aparat na staw skokowy typu but - 3009,Stabilizator stawu skokowego i stopy 3009,/products/stabilizator-stawu-skokowego-i-stopy-3009,3009,2,/aparat-na-staw-skokowy-typu-but---3009-8831-id-3319|/aparat-na-staw-skokowy-typu-but---3009-id-3319,SAFE_FOR_OWNER_DECISION,True,False,Variant SKU and parent identifier independently resolve to the same storefront-reachable target product. The legacy and target descriptions remain within a coherent product/function family; difference is treated as historical catalogue naming rather than product-identity contradiction.
3321,4009,Aparat na staw skokowy usztywniający - 4009,Biustonosz LANA 4009,/products/biustonosz-lana-4009,4009,2,/aparat-na-staw-skokowy-usztywniajacy-4009-8838-id-3321|/aparat-na-staw-skokowy-usztywniajacy-4009-id-3321,HOLD_IDENTIFIER_COLLISION,False,True,"Legacy product is an ankle-joint brace (4009), but the matched target is Biustonosz LANA 4009. Product identity is contradictory despite identifier agreement."
3322,4106,Aparat na staw skokowy usztywniający,Stabilizator stawu skokowego 4106,/products/stabilizator-stawu-skokowego-z-sstabilizator-stawu-skokowego-4106,4106,2,/aparat-na-staw-skokowy-usztywniajacy-8839-id-3322|/aparat-na-staw-skokowy-usztywniajacy-id-3322,SAFE_FOR_OWNER_DECISION,True,False,Variant SKU and parent identifier independently resolve to the same storefront-reachable target product. The legacy and target descriptions remain within a coherent product/function family; difference is treated as historical catalogue naming rather than product-identity contradiction.
3324,4206,Aparat na staw skokowy usztywniający - 4206,Stabilizator stawu skokowego 4206,/products/stabilizator-stawu-skokowego-4206,4206,2,/aparat-na-staw-skokowy-usztywniajacy-4206-8847-id-3324|/aparat-na-staw-skokowy-usztywniajacy-4206-id-3324,SAFE_FOR_OWNER_DECISION,True,False,Variant SKU and parent identifier independently resolve to the same storefront-reachable target product. The legacy and target descriptions remain within a coherent product/function family; difference is treated as historical catalogue naming rather than product-identity contradiction.
3331,1032,Orteza stawu kolanowego z szynami bocznymi,Stabilizator kolana z zawiasami 1032,/products/stabilizator-kolana-z-zawiasami-1032,1032,2,/orteza-stawu-kolanowego-z-szynami-bocznymi-8885-id-3331|/orteza-stawu-kolanowego-z-szynami-bocznymi-id-3331,SAFE_FOR_OWNER_DECISION,True,False,Variant SKU and parent identifier independently resolve to the same storefront-reachable target product. The legacy and target descriptions remain within a coherent product/function family; difference is treated as historical catalogue naming rather than product-identity contradiction.
3334,1124,Orteza stawu kolanowego z osłoną rzepki,Stabilizator kolana odciążający rzepkę 1124,/products/krotki-stabilizator-kolana-odciazajacy-rzepke-1124,1124,1,/orteza-stawu-kolanowego-z-oslona-rzepki-id-3334,SAFE_FOR_OWNER_DECISION,True,False,Variant SKU and parent identifier independently resolve to the same storefront-reachable target product. The legacy and target descriptions remain within a coherent product/function family; difference is treated as historical catalogue naming rather than product-identity contradiction.
3339,1429,Orteza stawu kolanowego z osłoną rzepki 1429,Opaska podtrzymująca rzepkę kolanową 1429,/products/opaska-podtrzymujaca-rzepke-kolanowa-1429,1429,1,/orteza-stawu-kolanowego-z-oslona-rzepki-1429-id-3339,SAFE_FOR_OWNER_DECISION,True,False,Variant SKU and parent identifier independently resolve to the same storefront-reachable target product. The legacy and target descriptions remain within a coherent product/function family; difference is treated as historical catalogue naming rather than product-identity contradiction.
3341,2037,Orteza stawu kolanowego z szynami bocznymi,"Stabilizator kolana z zawiasami, z przewiewnej tkaniny 2037",/products/stabilizator-kolana-z-zawiasami-z-przewiewnej-tkaniny-2037,2037,2,/orteza-stawu-kolanowego-z-szynami-bocznymi-8909-id-3341|/orteza-stawu-kolanowego-z-szynami-bocznymi-id-3341,SAFE_FOR_OWNER_DECISION,True,False,Variant SKU and parent identifier independently resolve to the same storefront-reachable target product. The legacy and target descriptions remain within a coherent product/function family; difference is treated as historical catalogue naming rather than product-identity contradiction.
3359,1080,Orteza stawu łokciowego długa - z pelotą,Stabilizator łokcia tenisisty z silikonową wkładką 1080,/products/stabilizator-lokcia-tenisisty-z-silikonowa-wkladka-1080,1080,2,/orteza-stawu-lokciowego-dluga-z-pelota-8954-id-3359|/orteza-stawu-lokciowego-dluga-z-pelota-id-3359,SAFE_FOR_OWNER_DECISION,True,False,Variant SKU and parent identifier independently resolve to the same storefront-reachable target product. The legacy and target descriptions remain within a coherent product/function family; difference is treated as historical catalogue naming rather than product-identity contradiction.
3360,1086,Orteza stawu łokciowego z pelotą,Stabilizator łokcia tenisisty z silikonową wkładką 1086,/products/stabilizator-lokcia-tenisisty-z-silikonowa-wkladka-1086,1086,2,/orteza-stawu-lokciowego-z-pelota-8963-id-3360|/orteza-stawu-lokciowego-z-pelota-id-3360,SAFE_FOR_OWNER_DECISION,True,False,Variant SKU and parent identifier independently resolve to the same storefront-reachable target product. The legacy and target descriptions remain within a coherent product/function family; difference is treated as historical catalogue naming rather than product-identity contradiction.
3362,2085,Orteza stawu łokciowego zachowująca jego ruch,Stabilizator łokcia 2085,/products/elastyczny-stabilizator-lokcia-2085,2085,2,/orteza-stawu-lokciowego-zachowujaca-jego-ruch-8969-id-3362|/orteza-stawu-lokciowego-zachowujaca-jego-ruch-id-3362,SAFE_FOR_OWNER_DECISION,True,False,Variant SKU and parent identifier independently resolve to the same storefront-reachable target product. The legacy and target descriptions remain within a coherent product/function family; difference is treated as historical catalogue naming rather than product-identity contradiction.
3363,2185,Orteza łokcia ograniczająca jego zakres ruchu,Opaska elastyczna na łokieć 2185,/products/opaska-elastyczna-na-lokiec-2185,2185,1,/orteza-lokcia-ograniczajaca-jego-zakres-ruchu-id-3363,SAFE_FOR_OWNER_DECISION,True,False,Variant SKU and parent identifier independently resolve to the same storefront-reachable target product. The legacy and target descriptions remain within a coherent product/function family; difference is treated as historical catalogue naming rather than product-identity contradiction.
6971,AT51201,AT51201 Nasadki toaletowe z pokrywą 10 cm,Nasadka toaletowa podwyższająca AT51201,/products/nasadka-toaletowa-podwyzszajaca-at51201,AT51201,1,/at51201-nasadki-toaletowe-z-pokrywa-10-cm-id-6971,SAFE_FOR_OWNER_DECISION,True,False,Variant SKU and parent identifier independently resolve to the same storefront-reachable target product. The legacy and target descriptions remain within a coherent product/function family; difference is treated as historical catalogue naming rather than product-identity contradiction.
6972,AT51202,AT51202 Nasadki toaletowe z pokrywą 15 cm,Nasadka toaletowa podwyższająca AT51202,/products/nasadka-toaletowa-podwyzszajaca-at51202,AT51202,1,/at51202-nasadki-toaletowe-z-pokrywa-15-cm-id-6972,SAFE_FOR_OWNER_DECISION,True,False,Variant SKU and parent identifier independently resolve to the same storefront-reachable target product. The legacy and target descriptions remain within a coherent product/function family; difference is treated as historical catalogue naming rather than product-identity contradiction.
7560,S-01,S-01 Stabilizator stawu skokowego,Materac Rurowy Przeciwodleżynowy Rehabilitacyjny Na Odleżyny Wygodny 136 kg,/products/materac-rurowy-przeciwodlezynowy-rehabilitacyjny-na-odlezyny-wygodny-136-kg,S-01,2,/s-01-stabilizator-stawu-skokowego-44359-id-7560|/s-01-stabilizator-stawu-skokowego-id-7560,HOLD_IDENTIFIER_COLLISION,False,True,"Legacy product is an ankle-joint stabilizer (S-01), but the matched target is an anti-decubitus tubular mattress. Product identity is contradictory despite identifier agreement."
9536,AT51112,AT51112 Podpórka aluminiowa 4-kołowa ULTRALIGHT,Chodzik AT51112,/products/chodzik-at51112,AT51112,2,/at51112-podporka-aluminiowa-4-kolowa-ultralight-60882-id-9536|/at51112-podporka-aluminiowa-4-kolowa-ultralight-id-9536,SAFE_FOR_OWNER_DECISION,True,False,Variant SKU and parent identifier independently resolve to the same storefront-reachable target product. The legacy and target descriptions remain within a coherent product/function family; difference is treated as historical catalogue naming rather than product-identity contradiction.
