legacy_id,legacy_name,legacy_index,target_product_id,target_product_name,target_parent_sku,target_path,target_product_status,target_storefront_reachable,active_variant_count,external_source,legacy_source_path_count,legacy_source_paths,normalized_name_equal,shared_semantic_token_count,shared_semantic_tokens,target_candidate_identity_count,shared_target,target_is_live_redirect_source,target_is_pending_redirect_source,triage_bucket,redirect_approved
444,Materac gorczycowy z łuską gryki 160x200 + 2 poduszki,103,12057,Wkładki 3/4 ortopedyczne zapobiegające zmęczeniu stóp przy płaskostopiu podłużnym i poprzecznym Tacco Nova,103,/products/wkladki-34-ortopedyczne-zapobiegajace-zmeczeniu-stop-przy-plaskostopiu-podluznym-i-poprzecznym-tacco-nova,active,True,14,vaya,2,/materac-gorczycowy-z-luska-gryki-160x200-2-poduszki-2204-id-444|/materac-gorczycowy-z-luska-gryki-160x200-2-poduszki-id-444,False,0,,1,False,False,False,REVIEW_NAME_DIVERGENCE,False
457,Materac 100% gorczycy 80x200cm,107,9606,Magnetyczny Korektor Wad Postawy Orteza Kręgosłupa,107,/products/magnetyczny-korektor-wad-postawy-orteza-kregoslupa,active,True,6,medreha,1,/materac-100-gorczycy-80x200cm-id-457,False,0,,1,False,False,False,REVIEW_NAME_DIVERGENCE,False
2222,Wózek inwalidzki stalowy - ECON 220,ECON220,11433,Wózek inwalidzki econ 220,ECON220,/products/wozek-inwalidzki-econ-220,active,True,1,antar,2,/wozek-inwalidzki-stalowy-econ-220-6034-id-2222|/wozek-inwalidzki-stalowy-econ-220-id-2222,False,3,econ|inwalidzki|wozek,1,False,False,False,REVIEW_SEMANTIC_SUPPORT,False
2774,Mobilex Dynawalk,Dynawalk,80,DynaWalk,dynawalk,/products/dynawalk,active,True,2,mobilex,2,/dynawalk-id-2774|/mobilex-dynawalk-7197-id-2774,False,0,,1,False,False,False,REVIEW_NAME_DIVERGENCE,False
3498,Siedzisko prysznicowe,SPU-370,11285,Siedzisko prysznicowe SPU-370,SPU-370,/products/siedzisko-prysznicowe-spu-370,active,True,1,antar,1,/siedzisko-prysznicowe-id-3498,False,2,prysznicowe|siedzisko,1,False,False,False,REVIEW_SEMANTIC_SUPPORT,False
3499,ŁAWECZKA NAWANNOWA,SNW-500,11003,Ławeczka nawannowa SNW-500,SNW-500,/products/laweczka-nawannowa-snw-500,active,True,1,antar,1,/laweczka-nawannowa-id-3499,False,2,aweczka|nawannowa,1,False,False,False,REVIEW_SEMANTIC_SUPPORT,False
4355,Condylex Opaska na łokieć tenisisty Thuasne,7007,12722,Poduszka ortopedyczna V 7007,7007,/products/poduszka-ortopedyczna-v-7007,active,True,0,novicare,2,/condylex-opaska-na-lokiec-tenisisty-thuasne-24821-id-4355|/condylex-opaska-na-lokiec-tenisisty-thuasne-id-4355,False,0,,1,False,False,False,BLOCKED_NO_ACTIVE_VARIANTS,False
6608,"Poduszka ortopedyczna PROFILOWANA, EXCLUSIVE DREAM",MFP-5030,13208,"Poduszka ortopedyczna profilowana, „EXCLUSIVE DREAM”",MFP-5030,/products/poduszka-ortopedyczna-profilowana-exclusive-dream-2,active,True,1,armedical,1,/poduszka-ortopedyczna-profilowana-exclusive-dream-id-6608,True,5,dream|exclusive|ortopedyczna|poduszka|profilowana,1,False,False,False,REVIEW_EXACT_NORMALIZED_NAME,False
6611,MFP-5030BV Poduszka ortopedyczna PROFILOWANA,MFP-5030BV,13210,"Poduszka ortopedyczna profilowana, wentylowana „BAMBOO DREAM”",MFP-5030BV,/products/poduszka-ortopedyczna-profilowana-wentylowana-bamboo-dream,active,True,1,armedical,1,/mfp-5030bv-poduszka-ortopedyczna-profilowana-id-6611,False,3,ortopedyczna|poduszka|profilowana,1,False,False,False,REVIEW_SEMANTIC_SUPPORT,False
6613,MFP-5030AF Poduszka ortopedyczna PROFILOWANA AloeVera Dream,MFP-5030AF,13246,Poduszka ortopedyczna profilowana „AloeVera Dream”,MFP-5030AF,/products/poduszka-ortopedyczna-profilowanaaloevera-dream,active,True,1,armedical,1,/mfp-5030af-poduszka-ortopedyczna-profilowana-aloevera-dream-id-6613,False,5,aloevera|dream|ortopedyczna|poduszka|profilowana,1,False,False,False,REVIEW_SEMANTIC_SUPPORT,False
6614,MFP-5535AF Poduszka ortopedyczna PROFILOWANA AloeVera Dream,MFP-5535AF,13201,Poduszka ortopedyczna profilowana „AloeVera Dream”,MFP-5535AF,/products/poduszka-ortopedyczna-profilowana-aloevera-dream,active,True,1,armedical,1,/mfp-5535af-poduszka-ortopedyczna-profilowana-aloevera-dream-id-6614,False,5,aloevera|dream|ortopedyczna|poduszka|profilowana,1,False,False,False,REVIEW_SEMANTIC_SUPPORT,False
6615,"MFP-5433EP Poduszka ortopedyczna profilowana, dwustronna",MFP-5433EP,13209,"Poduszka ortopedyczna profilowana, dwustronna „Ergonomic Dream”",MFP-5433EP,/products/poduszka-ortopedyczna-profilowana-dwustronna-ergonomic-dream,active,True,1,armedical,1,/mfp-5433ep-poduszka-ortopedyczna-profilowana-dwustronna-id-6615,False,4,dwustronna|ortopedyczna|poduszka|profilowana,1,False,False,False,REVIEW_SEMANTIC_SUPPORT,False
6616,Poduszka ortopedyczna profilowana „EXCLUSIVE DREAM”,MFP-5535,13205,Poduszka ortopedyczna profilowana „EXCLUSIVE DREAM”,MFP-5535,/products/poduszka-ortopedyczna-profilowana-exclusive-dream,active,True,1,armedical,1,/poduszka-ortopedyczna-profilowana-exclusive-dream-id-6616,True,5,dream|exclusive|ortopedyczna|poduszka|profilowana,1,False,False,False,REVIEW_EXACT_NORMALIZED_NAME,False
6618,Poduszka ortopedyczna TRADYCYJNA Exclusive Dream,TFP-5030TP,13211,Poduszka ortopedyczna tradycyjna „EXCLUSIVE DREAM”,TFP-5030TP,/products/poduszka-ortopedyczna-tradycyjna-exclusive-dream-2,active,True,1,armedical,1,/poduszka-ortopedyczna-tradycyjna-exclusive-dream-id-6618,True,5,dream|exclusive|ortopedyczna|poduszka|tradycyjna,1,False,False,False,REVIEW_EXACT_NORMALIZED_NAME,False
6619,TFP-6040 Poduszka ortopedyczna TRADYCYJNA Exclusive Dream,TFP-6040,13212,Poduszka ortopedyczna tradycyjna „EXCLUSIVE DREAM”,TFP-6040,/products/poduszka-ortopedyczna-tradycyjna-exclusive-dream,active,True,1,armedical,1,/tfp-6040-poduszka-ortopedyczna-tradycyjna-exclusive-dream-id-6619,False,5,dream|exclusive|ortopedyczna|poduszka|tradycyjna,1,False,False,False,REVIEW_SEMANTIC_SUPPORT,False
6620,MFP-4026 Poduszka ortopedyczna profilowana „BABY DREAM”,MFP-4026,13202,Poduszka ortopedyczna profilowana „BABY DREAM”,MFP-4026,/products/poduszka-ortopedycznaprofilowana-baby-dream,active,True,1,armedical,1,/mfp-4026-poduszka-ortopedyczna-profilowana-baby-dream-id-6620,False,5,baby|dream|ortopedyczna|poduszka|profilowana,1,False,False,False,REVIEW_SEMANTIC_SUPPORT,False
6621,Poduszka ortopedyczna PODRÓŻNA Exclusive Travel,MTP-2828,13190,"Poduszka ortopedyczna, „EXCLUSIVE TRAVEL”",MTP-2828,/products/poduszka-ortopedyczna-exclusive-travel-2,active,True,1,armedical,1,/poduszka-ortopedyczna-podrozna-exclusive-travel-id-6621,False,4,exclusive|ortopedyczna|poduszka|travel,1,False,False,False,REVIEW_SEMANTIC_SUPPORT,False
6622,Poduszka ortopedyczne PODRÓŻNA Exclusive Travel Ultra-Komfort,MTP-3230,13237,Poduszka ortopedyczna „EXCLUSIVE TRAVEL”,MTP-3230,/products/poduszka-ortopedyczna-exclusive-travel,active,True,1,armedical,1,/poduszka-ortopedyczne-podrozna-exclusive-travel-ultra-komfort-id-6622,False,3,exclusive|poduszka|travel,1,False,False,False,REVIEW_SEMANTIC_SUPPORT,False
6623,"Poduszka ortopedyczna ""separator"" pomiędzy kolana ""EXCLUSIVE SUP",MFP-2520,13238,Poduszka ortopedyczna „separator” pomiędzy kolana „EXCLUSIVE SUPPORT”,MFP-2520,/products/poduszka-ortopedyczna-separator-pomiedzy-kolana-exclusive-support,active,True,1,armedical,1,/poduszka-ortopedyczna-separator-pomiedzy-kolana-exclusive-sup-id-6623,False,6,exclusive|kolana|ortopedyczna|poduszka|pomiedzy|separator,1,False,False,False,REVIEW_SEMANTIC_SUPPORT,False
6624,Poduszka ortopedyczna lędźwiowa EXCLUSIVE SUPPORT,MFP-3433,13243,Poduszka ortopedyczna lędźwiowa „EXCLUSIVE SUPPORT”,MFP-3433,/products/poduszka-ortopedyczna-ledzwiowaexclusive-support,active,True,1,armedical,1,/poduszka-ortopedyczna-ledzwiowa-exclusive-support-id-6624,True,5,exclusive|ledzwiowa|ortopedyczna|poduszka|support,1,False,False,False,REVIEW_EXACT_NORMALIZED_NAME,False
6625,Poduszka ortopedyczne LĘDŹWIOWA Exclusive Support Ultra-Komfort,MFP-5344,13244,Poduszka ortopedyczna lędźwiowa „EXCLUSIVE SUPPORT”,MFP-5344,/products/poduszka-ortopedyczna-ledzwiowa-exclusive-support,active,True,1,armedical,1,/poduszka-ortopedyczne-ledzwiowa-exclusive-support-ultra-komfort-id-6625,False,4,exclusive|ledzwiowa|poduszka|support,1,False,False,False,REVIEW_SEMANTIC_SUPPORT,False
6636,Piłka rahabilitacyjna ORZESZEK z ABS,PSB-50,13265,Piłka rehabilitacyjna „ORZESZEK” z ABS,PSB-50,/products/pilka-rehabilitacyjna-orzeszek-z-abs,active,True,1,armedical,1,/pilka-rahabilitacyjna-orzeszek-z-abs-id-6636,False,2,abs|orzeszek,1,False,False,False,REVIEW_SEMANTIC_SUPPORT,False
6639,AR-920 Materac przeciwodleżynowy pneumatyczny,AR-920,13145,Materac pneumatyczny przeciwodleżynowy zmiennociśnieniowy „Bąbelkowy”,AR-920,/products/materac-pneumatyczny-przeciwodlezynowy-zmiennocisnieniowy-babelkowy,active,True,1,armedical,1,/ar-920-materac-przeciwodlezynowy-pneumatyczny-id-6639,False,3,materac|pneumatyczny|przeciwodlezynowy,1,False,False,False,REVIEW_SEMANTIC_SUPPORT,False
6640,Podkład do materaca AR-920,AR-921,13247,Podkład do materaca pneumatycznego przeciwodleżynowego zmiennociśnieniowego „Bąbelkowego”,AR-921,/products/podklad-do-materaca-pneumatycznego-przeciwodlezynowego-zmiennocisnieniowego-babelkowego,active,True,1,armedical,1,/podklad-do-materaca-ar-920-id-6640,False,2,materaca|podk,1,False,False,False,REVIEW_SEMANTIC_SUPPORT,False
6642,Podkład do materaca przeciwodleżynowego - RUROWEGO,AR-951,13146,Materac pneumatyczny przeciwodleżynowy zmiennociśnieniowy „Rurowy” – Podkład,AR-951,/products/materac-pneumatyczny-przeciwodlezynowy-zmiennocisnieniowy-rurowy-podklad,active,True,1,armedical,1,/podklad-do-materaca-przeciwodlezynowego-rurowego-id-6642,False,1,podk,1,False,False,False,REVIEW_SEMANTIC_SUPPORT,False
6643,Podpórka pod plecy,AR-220,13249,Podpórka pod plecy,AR-220,/products/podporka-pod-plecy,active,True,1,armedical,1,/podporka-pod-plecy-id-6643,True,3,plecy|pod|podporka,1,False,False,False,REVIEW_EXACT_NORMALIZED_NAME,False
6645,Kula łokciowa-aluminowa z ruchomą obejmą,AR-024,13131,Kula łokciowa – aluminiowa z ruchomą obejmą,AR-024,/products/kula-lokciowa-aluminiowa-z-ruchoma-obejma,active,True,1,armedical,1,/kula-lokciowa-aluminowa-z-ruchoma-obejma-id-6645,False,4,kula|obejma|okciowa|ruchoma,1,False,False,False,REVIEW_SEMANTIC_SUPPORT,False
6648,AR-012 Nasadka gumowa na balkonik,AR-012,13167,Nasadka gumowa na balkonik,AR-012,/products/nasadka-gumowa-na-balkonik,active,True,1,armedical,1,/ar-012-nasadka-gumowa-na-balkonik-id-6648,False,3,balkonik|gumowa|nasadka,1,False,False,False,REVIEW_SEMANTIC_SUPPORT,False
6653,Laska inwalidzka - czwórnóg niski z miękkim uchwytem,AR-017,13138,Laska inwalidzka aluminiowa – czwórnóg niski z miękkim uchwytem,AR-017,/products/laska-inwalidzka-aluminiowa-czwornog-niski-z-miekkim-uchwytem,active,True,1,armedical,2,/laska-inwalidzka-czwornog-niski-z-miekkim-uchwytem-38009-id-6653|/laska-inwalidzka-czwornog-niski-z-miekkim-uchwytem-id-6653,False,6,czwornog|inwalidzka|laska|miekkim|niski|uchwytem,1,False,False,False,REVIEW_SEMANTIC_SUPPORT,False
6655,AR-001 Balkonik aluminiowy składany krocząco-stały,AR-001,13088,"Balkonik aluminiowy składany, krocząco-stały. Pojedyncza rama H",AR-001,/products/balkonik-aluminiowy-skladany-kroczaco-staly-pojedyncza-rama-h,active,True,1,armedical,2,/ar-001-balkonik-aluminiowy-skladany-kroczaco-staly-70767-id-6655|/ar-001-balkonik-aluminiowy-skladany-kroczaco-staly-id-6655,False,5,adany|aluminiowy|balkonik|kroczaco|sta,1,False,False,False,REVIEW_SEMANTIC_SUPPORT,False
6656,AR-002 Balkonik aluminiowy-składany krocząco stały,AR-002,13087,"Balkonik aluminiowy składany, krocząco-stały. Podwójna rama H",AR-002,/products/balkonik-aluminiowy-skladany-kroczaco-staly-podwojna-rama-h,active,True,1,armedical,2,/ar-002-balkonik-aluminiowy-skladany-kroczaco-staly-70769-id-6656|/ar-002-balkonik-aluminiowy-skladany-kroczaco-staly-id-6656,False,5,adany|aluminiowy|balkonik|kroczaco|sta,1,False,False,False,REVIEW_SEMANTIC_SUPPORT,False
6657,"AR-003 Balkonik aluminiowy składany, dwukołowy - koła 5""",AR-003,13086,"Balkonik aluminiowy składany, dwukołowy – koła 5″",AR-003,/products/balkonik-aluminiowy-skladany-dwukolowy-kola-5,active,True,1,armedical,2,/ar-003-balkonik-aluminiowy-skladany-dwukolowy-kola-5-38011-id-6657|/ar-003-balkonik-aluminiowy-skladany-dwukolowy-kola-5-id-6657,False,5,adany|aluminiowy|balkonik|dwuko|owy,1,False,False,False,REVIEW_SEMANTIC_SUPPORT,False
6658,AR-004 Balkonik trójkołowy z torbą i koszykiem,AR-004,13092,Balkonik trójkołowy z torbą i koszykiem,AR-004,/products/balkonik-trojkolowy-z-torba-i-koszykiem,active,True,1,armedical,1,/ar-004-balkonik-trojkolowy-z-torba-i-koszykiem-id-6658,False,5,balkonik|koszykiem|owy|torba|trojko,1,False,False,False,REVIEW_SEMANTIC_SUPPORT,False
6659,"AR-005 Podpórka rehabilitacyjna 4-kołowa, stalowa. CLASSIC",AR-005,13257,"Podpórka rehabilitacyjna 4-kołowa, stalowa. CLASSIC",AR-005,/products/podporka-rehabilitacyjna-4-kolowa-stalowa-classic,active,True,1,armedical,1,/ar-005-podporka-rehabilitacyjna-4-kolowa-stalowa-classic-id-6659,False,5,classic|owa|podporka|rehabilitacyjna|stalowa,1,False,False,False,REVIEW_SEMANTIC_SUPPORT,False
6660,Podpórka rehabilitacyjna 4-kołowa PRESTIGE,AR-006,13256,"Podpórka rehabilitacyjna 4-kołowa, aluminiowa. PRESTIGE",AR-006,/products/podporka-rehabilitacyjna-4-kolowa-aluminiowa-prestige,active,True,1,armedical,2,/podporka-rehabilitacyjna-4-kolowa-prestige-70766-id-6660|/podporka-rehabilitacyjna-4-kolowa-prestige-id-6660,False,4,owa|podporka|prestige|rehabilitacyjna,1,False,False,False,REVIEW_SEMANTIC_SUPPORT,False
6669,ARMEDICAL AR-102 Krzesło toaletowe tapicerowane składane,AR-102,13125,Krzesło toaletowe tapicerowane – składane,AR-102,/products/krzeslo-toaletowe-tapicerowane-skladane,active,True,1,armedical,2,/armedical-ar-102-krzeslo-toaletowe-tapicerowane-skladane--id-6669|/krzeslo-toaletowe-tapicerowane-skladane-id-6669,False,4,adane|krzes|tapicerowane|toaletowe,1,False,False,False,REVIEW_SEMANTIC_SUPPORT,False
6671,Krzesło toaletowo prysznicowe,AR-104,13127,"Krzesło toaletowo-prysznicowe, aluminiowe – składane",AR-104,/products/krzeslo-toaletowo-prysznicowe-aluminiowe-skladane,active,True,1,armedical,1,/krzeslo-toaletowo-prysznicowe-id-6671,False,3,krzes|prysznicowe|toaletowo,1,False,False,False,REVIEW_SEMANTIC_SUPPORT,False
6676,AR-018 Rotor rehabilitacyjny,AR-018,13200,Rotor rehabilitacyjny,AR-018,/products/rotor-rehabilitacyjny,active,True,1,armedical,2,/ar-018-rotor-rehabilitacyjny-38014-id-6676|/ar-018-rotor-rehabilitacyjny-id-6676,False,2,rehabilitacyjny|rotor,1,False,False,False,REVIEW_SEMANTIC_SUPPORT,False
6677,AR-019 Rotor rehabilitacyjny - składany,AR-019,13199,Rotor rehabilitacyjny – składany,AR-019,/products/rotor-rehabilitacyjny-skladany,active,True,1,armedical,2,/ar-019-rotor-rehabilitacyjny-skladany-38016-id-6677|/ar-019-rotor-rehabilitacyjny-skladany-id-6677,False,3,adany|rehabilitacyjny|rotor,1,False,False,False,REVIEW_SEMANTIC_SUPPORT,False
6678,AR-201 Taboret prysznicowy - okrągły,AR-201,13148,Taboret prysznicowy okrągły,AR-201,/products/taboret-prysznicowy-okragly,active,True,1,armedical,1,/ar-201-taboret-prysznicowy-okragly-id-6678,False,3,okrag|prysznicowy|taboret,1,False,False,False,REVIEW_SEMANTIC_SUPPORT,False
6679,AR-201A Taboret prysznicowy okrągły – obrotowy,AR-201A,13164,Taboret prysznicowy okrągły – obrotowy,AR-201A,/products/taboret-prysznicowy-okragly-obrotowy,active,True,1,armedical,1,/ar-201a-taboret-prysznicowy-okragly-obrotowy-id-6679,False,4,obrotowy|okrag|prysznicowy|taboret,1,False,False,False,REVIEW_SEMANTIC_SUPPORT,False
6680,AR-202 Krzesło prysznicowe bez oparcia,AR-202,13113,Krzesło prysznicowe bez oparcia,AR-202,/products/krzeslo-prysznicowe-bez-oparcia,active,True,1,armedical,1,/ar-202-krzeslo-prysznicowe-bez-oparcia-id-6680,False,4,bez|krzes|oparcia|prysznicowe,1,False,False,False,REVIEW_SEMANTIC_SUPPORT,False
6681,AR-203 Krzesło prysznicowe z oparciem,AR-203,13114,Krzesło prysznicowe z oparciem,AR-203,/products/krzeslo-prysznicowe-z-oparciem,active,True,1,armedical,1,/ar-203-krzeslo-prysznicowe-z-oparciem-id-6681,False,3,krzes|oparciem|prysznicowe,1,False,False,False,REVIEW_SEMANTIC_SUPPORT,False
6682,AR-204 Taboret prysznicowy składany. Stalowy,AR-204,13150,Taboret prysznicowy składany. Stalowy,AR-204,/products/taboret-prysznicowy-skladany-stalowy,active,True,1,armedical,1,/ar-204-taboret-prysznicowy-skladany-stalowy-id-6682,False,4,adany|prysznicowy|stalowy|taboret,1,False,False,False,REVIEW_SEMANTIC_SUPPORT,False
6683,AR-205 Taboret prysznicowy - składany aluminiowy,AR-205,13149,Taboret prysznicowy składany. Aluminiowy,AR-205,/products/taboret-prysznicowy-skladany-aluminiowy,active,True,1,armedical,1,/ar-205-taboret-prysznicowy-skladany-aluminiowy-id-6683,False,4,adany|aluminiowy|prysznicowy|taboret,1,False,False,False,REVIEW_SEMANTIC_SUPPORT,False
6684,AR-206 Ławka nawannowa z uchwytem,AR-206,13144,Ławka nawannowa z uchwytem,AR-206,/products/lawka-nawannowa-z-uchwytem,active,True,1,armedical,2,/ar-206-lawka-nawannowa-z-uchwytem-38018-id-6684|/ar-206-lawka-nawannowa-z-uchwytem-id-6684,False,3,awka|nawannowa|uchwytem,1,False,False,False,REVIEW_SEMANTIC_SUPPORT,False
6685,AR-207 Ławka nawannowa wgłębna,AR-207,13143,Ławka nawannowa – wgłębna,AR-207,/products/lawka-nawannowa-wglebna,active,True,1,armedical,1,/ar-207-lawka-nawannowa-wglebna-id-6685,False,3,awka|ebna|nawannowa,1,False,False,False,REVIEW_SEMANTIC_SUPPORT,False
6686,AR-208 Krzesło prysznicowe z wycięciem U,AR-208,13115,Krzesło prysznicowe z wycięciem U,AR-208,/products/krzeslo-prysznicowe-z-wycieciem-u,active,True,1,armedical,1,/ar-208-krzeslo-prysznicowe-z-wycieciem-u-id-6686,False,3,krzes|prysznicowe|wycieciem,1,False,False,False,REVIEW_SEMANTIC_SUPPORT,False
6688,ERGONOMIC Wózek inwalidzki aluminiowy,AR-300,13159,Wózek inwalidzki aluminiowy ERGONOMIC,AR-300,/products/wozek-inwalidzki-aluminiowy-ergonomic,active,True,5,armedical,2,/ergonomic-wozek-inwalidzki-aluminiowy-70814-id-6688|/ergonomic-wozek-inwalidzki-aluminiowy-id-6688,False,4,aluminiowy|ergonomic|inwalidzki|wozek,1,False,False,False,REVIEW_SEMANTIC_SUPPORT,False
6689,Dynamic Wózek inwalidzki aluminiowy,AR-330A,13158,Wózek inwalidzki aluminiowy DYNAMIC,AR-330A,/products/wozek-inwalidzki-aluminiowy-dynamic,active,True,5,armedical,2,/dynamic-wozek-inwalidzki-aluminiowy-70847-id-6689|/dynamic-wozek-inwalidzki-aluminiowy-id-6689,False,4,aluminiowy|dynamic|inwalidzki|wozek,1,False,False,False,REVIEW_SEMANTIC_SUPPORT,False
6691,OPTIMUM Wózek inwalidzki stalowy,AR-400,13121,Wózek inwalidzki stalowy OPTIMUM,AR-400,/products/wozek-inwalidzki-stalowy-optimum,active,True,5,armedical,2,/optimum-wozek-inwalidzki-stalowy-70869-id-6691|/optimum-wozek-inwalidzki-stalowy-id-6691,False,4,inwalidzki|optimum|stalowy|wozek,1,False,False,False,REVIEW_SEMANTIC_SUPPORT,False
6692,Regular wózek inwalidzki stalowy,AR-405,13122,Wózek inwalidzki stalowy REGULAR,AR-405,/products/wozek-inwalidzki-stalowy-regular,active,True,5,armedical,2,/regular-wozek-inwalidzki-stalowy-70910-id-6692|/regular-wozek-inwalidzki-stalowy-id-6692,False,4,inwalidzki|regular|stalowy|wozek,1,False,False,False,REVIEW_SEMANTIC_SUPPORT,False
6693,"Okład żelowy zimo-ciepły - Mini, 10x10cm",CHP-1010,13184,"Okład zimno-ciepły – Mini, 10x10cm",CHP-1010,/products/oklad-zimno-cieply-mini10x10cm,active,True,1,armedical,1,/oklad-zelowy-zimo-cieply-mini-10x10cm-id-6693,False,3,10x10cm|ciep|mini,1,False,False,False,REVIEW_SEMANTIC_SUPPORT,False
6694,"Okład żelowy zimo-ciepły - Classic, 10x25cm",CHP-1025,13182,"Okład zimno-ciepły – Classic, 10x25cm",CHP-1025,/products/oklad-zimno-cieply-classic-10x25cm,active,True,1,armedical,1,/oklad-zelowy-zimo-cieply-classic-10x25cm-id-6694,False,3,10x25cm|ciep|classic,1,False,False,False,REVIEW_SEMANTIC_SUPPORT,False
6695,"Okład żelowy zimo-ciepły - Maxi, 20x30cm",CHP-2030,13183,"Okład zimno-ciepły – Maxi, 20x30cm",CHP-2030,/products/oklad-zimno-cieply-maxi-20x30cm,active,True,1,armedical,1,/oklad-zelowy-zimo-cieply-maxi-20x30cm-id-6695,False,3,20x30cm|ciep|maxi,1,False,False,False,REVIEW_SEMANTIC_SUPPORT,False
7164,KOŁNIERZ ORTOPEDYCZNY SZTYWNY TYPU CAMPA DR-123-1,DR-123-1,12758,Kołnierz ortopedyczny typu Campa DR-123-1,DR-123-1,/products/kolnierz-ortopedyczny-typu-campa-dr-123-1,active,True,0,novicare,2,/kolnierz-ortopedyczny-sztywny-typu-campa-dr-123-1-43097-id-7164|/kolnierz-ortopedyczny-sztywny-typu-campa-dr-123-1-id-7164,False,4,campa|nierz|ortopedyczny|typu,1,False,False,False,BLOCKED_NO_ACTIVE_VARIANTS,False
7171,ORTEZA NADGARSTKA I KCIUKA DR-W-132-1,DR-W132-1,12682,Orteza nadgarstka i kciuka DR-W132-1,DR-W132-1,/products/orteza-nadgarstka-i-kciuka-dr-w132-1,active,True,0,novicare,1,/orteza-nadgarstka-i-kciuka-dr-w-132-1-id-7171,False,3,kciuka|nadgarstka|orteza,1,False,False,False,BLOCKED_NO_ACTIVE_VARIANTS,False
7172,ORTEZA NADGARSTKA I PALCA DR-W132-2,DR-W132-2,12685,Orteza palca DR-W132-2,DR-W132-2,/products/orteza-palca-dr-w132-2,active,True,0,novicare,1,/orteza-nadgarstka-i-palca-dr-w132-2-id-7172,False,2,orteza|palca,1,False,False,False,BLOCKED_NO_ACTIVE_VARIANTS,False
7174,ORTEZA STAWU NADGARSTKOWEGO I ŚRÓDRĘCZA DR-W132-4,DR-W132-4,12699,Orteza stawu nadgarstkowego i palców DR-W132-4,DR-W132-4,/products/orteza-stawu-nadgarstkowego-i-palcow-dr-w132-4,active,True,0,novicare,2,/orteza-stawu-nadgarstkowego-i-srodrecza-dr-w132-4-43107-id-7174|/orteza-stawu-nadgarstkowego-i-srodrecza-dr-w132-4-id-7174,False,3,nadgarstkowego|orteza|stawu,1,False,False,False,BLOCKED_NO_ACTIVE_VARIANTS,False
7175,Orteza kciuka DR-W132-6,DR-W132-6,12684,Orteza nadgarstka i palca DR-W132-6,DR-W132-6,/products/orteza-nadgarstka-i-palca-dr-w132-6,active,True,0,novicare,1,/orteza-kciuka-dr-w132-6-id-7175,False,1,orteza,1,False,False,False,BLOCKED_NO_ACTIVE_VARIANTS,False
7182,ORTEZA STAWU NADGARSTKOWEGO I KCIUKA DR-W022,DR-W022,12693,Orteza stawu nadgarstkowego DR-W022,DR-W022,/products/orteza-stawu-nadgarstkowego-dr-w022,active,True,0,novicare,2,/orteza-stawu-nadgarstkowego-i-kciuka-dr-w022-43133-id-7182|/orteza-stawu-nadgarstkowego-i-kciuka-dr-w022-id-7182,False,3,nadgarstkowego|orteza|stawu,1,False,False,False,BLOCKED_NO_ACTIVE_VARIANTS,False
7187,ORTEZA LĘDŹWIOWO – KRZYŻOWA Z SZELKAMI DR-B003,DR-B003,12759,Orteza lędźwiowo-krzyżowa DR-B003,DR-B003,/products/orteza-ledzwiowo-krzyzowa-dr-b003,active,True,0,novicare,2,/orteza-ledzwiowo-krzyzowa-z-szelkami-dr-b003-43161-id-7187|/orteza-ledzwiowo-krzyzowa-z-szelkami-dr-b003-id-7187,False,3,krzyzowa|ledzwiowo|orteza,1,False,False,False,BLOCKED_NO_ACTIVE_VARIANTS,False
7189,WYSOKA ORTEZA LĘDŹWIOWO – KRZYŻOWA DR-B033,DR-B033,12771,Wysoka orteza lędźwiowa DR-B033,DR-B033,/products/wysoka-orteza-ledzwiowa-dr-b033,active,True,0,novicare,2,/wysoka-orteza-ledzwiowo-krzyzowa-dr-b033-43172-id-7189|/wysoka-orteza-ledzwiowo-krzyzowa-dr-b033-id-7189,False,2,orteza|wysoka,1,False,False,False,BLOCKED_NO_ACTIVE_VARIANTS,False
7192,DR-A135 ORTEZA STAWU SKOKOWEGO,DR-A135,12754,UNI Orteza stawu skokowego DR-A135,DR-A135,/products/uni-orteza-stawu-skokowego-dr-a135,active,True,0,novicare,2,/dr-a135-orteza-stawu-skokowego-43183-id-7192|/dr-a135-orteza-stawu-skokowego-id-7192,False,3,orteza|skokowego|stawu,1,False,False,False,BLOCKED_NO_ACTIVE_VARIANTS,False
7202,TEMBLAK KOŃCZYNY GÓRNEJ DR-E027,DR-E027,12653,Temblak DR-E027,DR-E027,/products/temblak-dr-e027,active,True,0,novicare,2,/temblak-konczyny-gornej-dr-e027-43210-id-7202|/temblak-konczyny-gornej-dr-e027-id-7202,False,1,temblak,1,False,False,False,BLOCKED_NO_ACTIVE_VARIANTS,False
7203,TEMBLAK KOŃCZYNY GÓRNEJ DR-E028,DR-E028,12654,Temblak DR-E028,DR-E028,/products/temblak-dr-e028,active,True,0,novicare,2,/temblak-konczyny-gornej-dr-e028-43213-id-7203|/temblak-konczyny-gornej-dr-e028-id-7203,False,1,temblak,1,False,False,False,BLOCKED_NO_ACTIVE_VARIANTS,False
7220,SPORTS TAPE SM-702 tejpy,SM-702,12646,Tape SM-702,SM-702,/products/tape-sm-702,active,True,0,novicare,1,/sports-tape-sm-702-tejpy-id-7220,False,1,tape,1,False,False,False,BLOCKED_NO_ACTIVE_VARIANTS,False
7225,7640 Stabilizator stawu skokowego ze stabilizacją boczną,7640,12734,Orteza stawu skokowego 7640,7640,/products/orteza-stawu-skokowego-7640,active,True,0,novicare,2,/7640-stabilizator-stawu-skokowego-ze-stabilizacja-boczna-43271-id-7225|/7640-stabilizator-stawu-skokowego-ze-stabilizacja-boczna-id-7225,False,2,skokowego|stawu,1,False,False,False,BLOCKED_NO_ACTIVE_VARIANTS,False
7227,7210 Aparat na opadającą stopę,7210,12731,Aparat na opadającą stopę 7210,7210,/products/aparat-na-opadajaca-stope-7210,active,True,0,novicare,1,/7210-aparat-na-opadajaca-stope-id-7227,False,3,aparat|opadajaca|stope,1,False,False,False,BLOCKED_NO_ACTIVE_VARIANTS,False
7231,1741 Temblak Desault,1741,12648,Desault 1741,1741,/products/desault-1741,active,True,0,novicare,1,/1741-temblak-desault-id-7231,False,1,desault,1,False,False,False,BLOCKED_NO_ACTIVE_VARIANTS,False
7238,6150 Orteza stawu kolanowego z szynami SBR,6150,12659,Orteza stawu kolanowego 6150,6150,/products/orteza-stawu-kolanowego-6150,active,True,0,novicare,2,/6150-orteza-stawu-kolanowego-z-szynami-sbr-43310-id-7238|/6150-orteza-stawu-kolanowego-z-szynami-sbr-id-7238,False,3,kolanowego|orteza|stawu,1,False,False,False,BLOCKED_NO_ACTIVE_VARIANTS,False
7240,Orthocare 7190 Aparat korekcyjny na hallux na dzień,7190,12729,Aparat korekcyjny na hallux/dzień 7190,7190,/products/aparat-korekcyjny-na-hallux-dzien-7190,active,True,0,novicare,2,/7190-aparat-korekcyjny-na-hallux-dzien-id-7240|/orthocare-7190-aparat-korekcyjny-na-hallux-na-dzien-92818-id-7240,False,4,aparat|dzien|hallux|korekcyjny,1,False,False,False,BLOCKED_NO_ACTIVE_VARIANTS,False
7243,7120 Podpiętki absorpcyjne silikonowe,7120,12749,Podpiętki silikonowe 7120,7120,/products/podpietki-silikonowe-7120,active,True,0,novicare,2,/7120-podpietki-absorpcyjne-silikonowe-43313-id-7243|/7120-podpietki-absorpcyjne-silikonowe-id-7243,False,2,podpietki|silikonowe,1,False,False,False,BLOCKED_NO_ACTIVE_VARIANTS,False
7245,7140 Silikonowe separatory międzypalcowe,7140,12752,Silikonowe separatory 7140,7140,/products/silikonowe-separatory-7140,active,True,0,novicare,2,/7140-silikonowe-separatory-miedzypalcowe-43321-id-7245|/7140-silikonowe-separatory-miedzypalcowe-id-7245,False,2,separatory|silikonowe,1,False,False,False,BLOCKED_NO_ACTIVE_VARIANTS,False
7473,"AR-604 Orteza stopowo-goleniowa, wysoka. Walker Basic",AR-604,13224,"Orteza stopowo-goleniowa, wysoka. Walker Basic",AR-604,/products/orteza-stopowo-goleniowa-wysoka-walker-basic,active,True,5,armedical,2,/ar-604-orteza-stopowo-goleniowa-wysoka-walker-basic-44192-id-7473|/ar-604-orteza-stopowo-goleniowa-wysoka-walker-basic-id-7473,False,6,basic|goleniowa|orteza|stopowo|walker|wysoka,1,False,False,False,REVIEW_SEMANTIC_SUPPORT,False
7474,"AR-603 Orteza stopowo-goleniowa, niska. Walker Basic",AR-603,13221,"Orteza stopowo-goleniowa, niska. Walker Basic",AR-603,/products/orteza-stopowo-goleniowa-niska-walker-basic,active,True,5,armedical,2,/ar-603-orteza-stopowo-goleniowa-niska-walker-basic-44195-id-7474|/ar-603-orteza-stopowo-goleniowa-niska-walker-basic-id-7474,False,6,basic|goleniowa|niska|orteza|stopowo|walker,1,False,False,False,REVIEW_SEMANTIC_SUPPORT,False
7475,"AR-602 Orteza stopowo-goleniowa, wysoka. Walker Pro",AR-602,13226,"Orteza stopowo-goleniowa, wysoka. Walker Pro",AR-602,/products/orteza-stopowo-goleniowa-wysoka-walker-pro,active,True,5,armedical,2,/ar-602-orteza-stopowo-goleniowa-wysoka-walker-pro-44202-id-7475|/ar-602-orteza-stopowo-goleniowa-wysoka-walker-pro-id-7475,False,6,goleniowa|orteza|pro|stopowo|walker|wysoka,1,False,False,False,REVIEW_SEMANTIC_SUPPORT,False
7476,"AR-601 Orteza stopowo-goleniowa, niska. Walker Pro",AR-601,13223,"Orteza stopowo-goleniowa, niska. Walker Pro",AR-601,/products/orteza-stopowo-goleniowa-niska-walker-pro,active,True,5,armedical,2,/ar-601-orteza-stopowo-goleniowa-niska-walker-pro-44206-id-7476|/ar-601-orteza-stopowo-goleniowa-niska-walker-pro-id-7476,False,6,goleniowa|niska|orteza|pro|stopowo|walker,1,False,False,False,REVIEW_SEMANTIC_SUPPORT,False
7477,AR-091 Poduszka przeciwodleżynowa PREVENT – kwadratowa,AR-091,13194,Poduszka przeciwodleżynowa PREVENT – kwadratowa,AR-091,/products/poduszka-przeciwodlezynowa-prevent-kwadratowa,active,True,1,armedical,1,/ar-091-poduszka-przeciwodlezynowa-prevent-kwadratowa-id-7477,False,4,kwadratowa|poduszka|prevent|przeciwodlezynowa,1,False,False,False,REVIEW_SEMANTIC_SUPPORT,False
7479,MFP-4535 Poduszka ortopedyczna do siedzenia EXCLUSIVE SEAT,MFP-4535,13240,Poduszka ortopedyczna do siedzenia „EXCLUSIVE SEAT”,MFP-4535,/products/poduszka-ortopedyczna-do-siedzenia-exclusive-seat,active,True,1,armedical,1,/mfp-4535-poduszka-ortopedyczna-do-siedzenia-exclusive-seat-id-7479,False,5,exclusive|ortopedyczna|poduszka|seat|siedzenia,1,False,False,False,REVIEW_SEMANTIC_SUPPORT,False
7480,MFP-4015 Poduszka ortopedyczna wałek „EXCLUSIVE SUPPORT”,MFP-4015,13189,Poduszka ortopedyczna wałek „EXCLUSIVE SUPPORT”,MFP-4015,/products/poduszka-ortopedyczna-walek-exclusive-support,active,True,1,armedical,1,/mfp-4015-poduszka-ortopedyczna-walek-exclusive-support-id-7480,False,4,exclusive|ortopedyczna|poduszka|support,1,False,False,False,REVIEW_SEMANTIC_SUPPORT,False
7488,Wózek inwalidzki aluminiowy PRESTIGE AR-350,AR-350,13118,Wózek inwalidzki aluminiowy PRESTIGE,AR-350,/products/wozek-inwalidzki-aluminiowy-prestige,active,True,5,armedical,2,/wozek-inwalidzki-aluminiowy-prestige-ar-350-70859-id-7488|/wozek-inwalidzki-aluminiowy-prestige-ar-350-id-7488,False,4,aluminiowy|inwalidzki|prestige|wozek,1,False,False,False,REVIEW_SEMANTIC_SUPPORT,False
7490,AR-210 Podnóżek – taboret prysznicowy,AR-210,13248,Podnóżek – taboret prysznicowy,AR-210,/products/podnozek-taboret-prysznicowy,active,True,1,armedical,1,/ar-210-podnozek-taboret-prysznicowy-id-7490,False,3,podnozek|prysznicowy|taboret,1,False,False,False,REVIEW_SEMANTIC_SUPPORT,False
7500,"Poliestrowa pończocha podgipsowa 3M Stockinet w rolce 2,5cm",MS01,13198,do MS06 Poliestrowa pończocha podgipsowa 3M Stockinet w rolce,MS01,/products/poliestrowa-ponczocha-podgipsowa-3m-stockinet-w-rolce,active,True,5,armedical,1,/poliestrowa-ponczocha-podgipsowa-3m-stockinet-w-rolce-25cm-id-7500,False,5,podgipsowa|poliestrowa|ponczocha|rolce|stockinet,1,False,False,False,REVIEW_SEMANTIC_SUPPORT,False
7535,DR PC107-1 But na gips,DR-PC107-1,12732,But na gips DR-PC107-1,DR-PC107-1,/products/but-na-gips-dr-pc107-1,active,True,0,novicare,2,/dr-pc107-1-but-na-gips-44240-id-7535|/dr-pc107-1-but-na-gips-id-7535,False,2,but|gips,1,False,False,False,BLOCKED_NO_ACTIVE_VARIANTS,False
7571,K-09 Stabilizator stawu kolanowego ze stabilizacją rzepki,K-09,9503,Wkładki żelowe Podpiętki na ostrogi,K-09,/products/wkladki-zelowe-podpietki-na-ostrogi,active,True,7,medreha,1,/k-09-stabilizator-stawu-kolanowego-ze-stabilizacja-rzepki-id-7571,False,0,,1,False,False,False,REVIEW_NAME_DIVERGENCE,False
7572,K-10 Długi stabilizator stawu kolanowego z szynami dwuosiowymi,K-10,9629,Wkładki Ortopedyczne Na Płaskostopie,K-10,/products/wkladki-ortopedyczne-na-plaskostopie,active,True,7,medreha,2,/k-10-dlugi-stabilizator-stawu-kolanowego-z-szynami-dwuosiowymi-44406-id-7572|/k-10-dlugi-stabilizator-stawu-kolanowego-z-szynami-dwuosiowymi-id-7572,False,0,,1,False,False,False,REVIEW_NAME_DIVERGENCE,False
7574,K-11 Długi stabilizator stawu kolanowego z szynami,K-11,9502,Pediatryczne Wkładki Ortopedyczne Na Płaskostopie,K-11,/products/pediatryczne-wkladki-ortopedyczne-na-plaskostopie,active,True,3,medreha,2,/k-11-dlugi-stabilizator-stawu-kolanowego-z-szynami-44416-id-7574|/k-11-dlugi-stabilizator-stawu-kolanowego-z-szynami-id-7574,False,0,,1,False,False,False,REVIEW_NAME_DIVERGENCE,False
7585,L-01 Stabilizator łokcia,L-01,9408,Pas Lędzwiowo-Krzyżowy Gorset Ortopedyczny,L-01,/products/pas-ledzwiowo-krzyzowy,active,True,7,medreha,2,/l-01-stabilizator-lokcia-44474-id-7585|/l-01-stabilizator-lokcia-id-7585,False,0,,1,False,False,False,REVIEW_NAME_DIVERGENCE,False
7586,L-03 Stabilizator łokcia uniwersalny,L-03,9429,Pas Brzuszny Pooperacyjny Wyszczuplający,L-03,/products/pas-brzuszny-pooperacyjny-wyszczuplajacy,active,True,7,medreha,1,/l-03-stabilizator-lokcia-uniwersalny-id-7586,False,0,,1,False,False,False,REVIEW_NAME_DIVERGENCE,False
7588,C-01 Stabilizator łydki,C-01,9522,Temblak Ręki Orteza Gips Ochraniacz,C-01,/products/temblak-reki,active,True,7,medreha,2,/c-01-stabilizator-lydki-44480-id-7588|/c-01-stabilizator-lydki-id-7588,False,0,,1,False,False,False,REVIEW_NAME_DIVERGENCE,False
7614,B-02 Stabilizator stawu barkowego,B-02,9598,Kołnierz Ortopedyczny Miękki Wentylowany,B-02,/products/kolnierz-ortopedyczny-orteza-wentylowany,active,True,6,medreha,2,/b-02-stabilizator-stawu-barkowego-44605-id-7614|/b-02-stabilizator-stawu-barkowego-id-7614,False,0,,1,False,False,False,REVIEW_NAME_DIVERGENCE,False
7615,B-03 Kamizelka stawu barkowego,B-03,9600,Kołnierz Ortopedyczny Szyjny Sztywny Z Regulacją,B-03,/products/kolnierz-ortopedyczny-szyjny-z-regulacja,active,True,7,medreha,2,/b-03-kamizelka-stawu-barkowego-44611-id-7615|/b-03-kamizelka-stawu-barkowego-id-7615,False,0,,1,False,False,False,REVIEW_NAME_DIVERGENCE,False
8089,DORSOFIT Korektor postawy,630,12106,Klin na haluks z pierścieniem (M) i (L) SmartGel Vaya Medical 1 sztuka,630,/products/klin-na-haluks-z-pierscieniem-m-i-l-smartgel-vaya-medical-1-sztuka,active,True,2,vaya,2,/dorsofit-korektor-postawy-47602-id-8089|/dorsofit-korektor-postawy-id-8089,False,0,,1,False,False,False,REVIEW_NAME_DIVERGENCE,False
8348,Obuwie medyczne Scholl NAUTILUS,NAUTILUS,266,Nautilus Scholl,nautilus,/products/nautilus,active,True,3,mobilex,2,/obuwie-medyczne-scholl-nautilus-48629-id-8348|/obuwie-medyczne-scholl-nautilus-id-8348,False,1,scholl,1,False,False,False,REVIEW_SEMANTIC_SUPPORT,False
9258,AR-403 Wózek inwalidzki stalowy ELEGANT,AR-403,13120,Wózek inwalidzki stalowy ELEGANT,AR-403,/products/wozek-inwalidzki-stalowy-elegant,active,True,5,armedical,2,/ar-403-wozek-inwalidzki-stalowy-elegant-70889-id-9258|/ar-403-wozek-inwalidzki-stalowy-elegant-id-9258,False,4,elegant|inwalidzki|stalowy|wozek,1,False,False,False,REVIEW_SEMANTIC_SUPPORT,False
9512,B-10671 Stabilizator palca,B-10671,12709,Stabilizator palca B-10671,B-10671,/products/stabilizator-palca-b-10671,active,True,0,novicare,1,/b-10671-stabilizator-palca-id-9512,False,2,palca|stabilizator,1,False,False,False,BLOCKED_NO_ACTIVE_VARIANTS,False
9513,B-111 Stabilizator palca,B-111,12711,Stabilizator palca B-111,B-111,/products/stabilizator-palca-b-111,active,True,0,novicare,2,/b-111-stabilizator-palca-60802-id-9513|/b-111-stabilizator-palca-id-9513,False,2,palca|stabilizator,1,False,False,False,BLOCKED_NO_ACTIVE_VARIANTS,False
9514,B-109 Stabilizator palca,B-109,12710,Stabilizator palca B-109,B-109,/products/stabilizator-palca-b-109,active,True,0,novicare,2,/b-109-stabilizator-palca-60803-id-9514|/b-109-stabilizator-palca-id-9514,False,2,palca|stabilizator,1,False,False,False,BLOCKED_NO_ACTIVE_VARIANTS,False
9515,B-1070 Aparat Stacka,B-1070,12708,Aparat Stacka B-1070,B-1070,/products/aparat-stacka-b-1070,active,True,0,novicare,2,/b-1070--aparat-stacka-60812-id-9515|/b-1070--aparat-stacka-id-9515,False,2,aparat|stacka,1,False,False,False,BLOCKED_NO_ACTIVE_VARIANTS,False
9518,DR.MED DR-A001 Aparat korekcyjny na hallux,DR-A001,12728,Aparat korekcyjny na hallux DR-A001,DR-A001,/products/aparat-korekcyjny-na-hallux-dr-a001,active,True,0,novicare,3,/dr-a001-aparat-korekcyjny-na-hallux-id-9518|/drmed-dr-a001-aparat-korekcyjny-na-hallux-87017-id-9518|/drmed-dr-a001-aparat-korekcyjny-na-hallux-id-9518,False,3,aparat|hallux|korekcyjny,1,False,False,False,BLOCKED_NO_ACTIVE_VARIANTS,False
9519,DR-A100 Orteza stawu skokowego typu Walker,DR-A100,12747,Orteza stawu skokowego typu Walker DR-A100,DR-A100,/products/orteza-stawu-skokowego-typu-walker-dr-a100,active,True,0,novicare,2,/dr-a100-orteza-stawu-skokowego-typu-walker-60820-id-9519|/dr-a100-orteza-stawu-skokowego-typu-walker-id-9519,False,5,orteza|skokowego|stawu|typu|walker,1,False,False,False,BLOCKED_NO_ACTIVE_VARIANTS,False
9520,DR-A101 Orteza stawu skokowego typu Walker,DR-A101,12748,Orteza stawu skokowego typu Walker DR-A101,DR-A101,/products/orteza-stawu-skokowego-typu-walker-dr-a101,active,True,0,novicare,2,/dr-a101-orteza-stawu-skokowego-typu-walker-60822-id-9520|/dr-a101-orteza-stawu-skokowego-typu-walker-id-9520,False,5,orteza|skokowego|stawu|typu|walker,1,False,False,False,BLOCKED_NO_ACTIVE_VARIANTS,False
9521,DR-PC107 But na gips,DR-PC107,12733,But na gips DR-PC107,DR-PC107,/products/but-na-gips-dr-pc107,active,True,0,novicare,2,/dr-pc107-but-na-gips-60825-id-9521|/dr-pc107-but-na-gips-id-9521,False,2,but|gips,1,False,False,False,BLOCKED_NO_ACTIVE_VARIANTS,False
9523,DR-A014 Podpiętki silikonowe,DR-A014,12750,Podpiętki silikonowe DR-A014,DR-A014,/products/podpietki-silikonowe-dr-a014,active,True,0,novicare,1,/dr-a014-podpietki-silikonowe-id-9523,False,2,podpietki|silikonowe,1,False,False,False,BLOCKED_NO_ACTIVE_VARIANTS,False
9525,DR-A202 Wkładki żelowe,DR-A202,12757,Wkładki żelowe DR-A202,DR-A202,/products/wkladki-zelowe-dr-a202,active,True,0,novicare,2,/dr-a202-wkladki-zelowe-60831-id-9525|/dr-a202-wkladki-zelowe-id-9525,False,2,adki|zelowe,1,False,False,False,BLOCKED_NO_ACTIVE_VARIANTS,False
9527,DR-K019 Orteza stawu kolanowego,DR-K019,12666,Orteza stawu kolanowego DR-K019,DR-K019,/products/orteza-stawu-kolanowego-dr-k019,active,True,0,novicare,2,/dr-k019-orteza-stawu-kolanowego-60835-id-9527|/dr-k019-orteza-stawu-kolanowego-id-9527,False,3,kolanowego|orteza|stawu,1,False,False,False,BLOCKED_NO_ACTIVE_VARIANTS,False
9528,DR-B035 Orteza lędźwiowo-krzyżowa,DR-B035,12772,Wysoka orteza lędźwiowa DR-B035,DR-B035,/products/wysoka-orteza-ledzwiowa-dr-b035,active,True,0,novicare,2,/dr-b035-orteza-ledzwiowo-krzyzowa-60840-id-9528|/dr-b035-orteza-ledzwiowo-krzyzowa-id-9528,False,1,orteza,1,False,False,False,BLOCKED_NO_ACTIVE_VARIANTS,False
9529,DR-B047 Orteza lędźwiowo-krzyżowa,DR-B047,12763,Orteza lędźwiowo – krzyżowa DR-B047,DR-B047,/products/orteza-ledzwiowo-krzyzowa-dr-b047,active,True,0,novicare,2,/dr-b047-orteza-ledzwiowo-krzyzowa-60847-id-9529|/dr-b047-orteza-ledzwiowo-krzyzowa-id-9529,False,3,krzyzowa|ledzwiowo|orteza,1,False,False,False,BLOCKED_NO_ACTIVE_VARIANTS,False
9530,DR-B023 Orteza lędźwiowo-krzyżowa,DR-B023,12761,Orteza lędźwiowo - krzyżowa DR-B023,DR-B023,/products/orteza-ledzwiowo-krzyzowa-dr-b023,active,True,0,novicare,2,/dr-b023-orteza-ledzwiowo-krzyzowa-60848-id-9530|/dr-b023-orteza-ledzwiowo-krzyzowa-id-9530,False,3,krzyzowa|ledzwiowo|orteza,1,False,False,False,BLOCKED_NO_ACTIVE_VARIANTS,False
9531,DR.MED DR-B011-1 Korektor postawy,DR-B011-1,12649,Korektor postawy DR-B011-1,DR-B011-1,/products/korektor-postawy-dr-b011-1,active,True,0,novicare,3,/dr-b011-1-korektor-postawy-id-9531|/drmed-dr-b011-1-korektor-postawy-60853-id-9531|/drmed-dr-b011-1-korektor-postawy-id-9531,False,2,korektor|postawy,1,False,False,False,BLOCKED_NO_ACTIVE_VARIANTS,False
9533,DR-A010 Orteza stawu skokowego,DR-A010,12739,Orteza stawu skokowego DR-A010,DR-A010,/products/orteza-stawu-skokowego-dr-a010,active,True,0,novicare,2,/dr-a010-orteza-stawu-skokowego-60865-id-9533|/dr-a010-orteza-stawu-skokowego-id-9533,False,3,orteza|skokowego|stawu,1,False,False,False,BLOCKED_NO_ACTIVE_VARIANTS,False
9617,4028 AMELIA biustonosz,AMELIA,10864,Biustonosz AMELIA 4028,AMELIA,/products/biustonosz-amelia-4028,active,True,1,antar,2,/4028-amelia-biustonosz-61140-id-9617|/4028-amelia-biustonosz-id-9617,False,1,biustonosz,1,False,False,False,REVIEW_SEMANTIC_SUPPORT,False
10091,Poduszka ortopedyczna Morfeusz (CPAP) do terapii bezdechu senngo,665,10755,Poduszka ortopedyczna Morfeusz do Bezdechu,665,/products/poduszka-ortopedyczna-morfeusz-do-terapii-bezdechu,active,True,0,rehafund,1,/poduszka-ortopedyczna-morfeusz-cpap-do-terapii-bezdechu-senngo-id-10091,False,4,bezdechu|morfeusz|ortopedyczna|poduszka,1,False,False,False,BLOCKED_NO_ACTIVE_VARIANTS,False
10324,AR-092 Poduszka przeciwodleżynowa PREVENT – kwadratowa II,AR-092,13195,Poduszka przeciwodleżynowa PREVENT – kwadratowa II,AR-092,/products/poduszka-przeciwodlezynowa-prevent-kwadratowa-ii,active,True,1,armedical,1,/ar-092-poduszka-przeciwodlezynowa-prevent-kwadratowa-ii-id-10324,False,4,kwadratowa|poduszka|prevent|przeciwodlezynowa,1,False,False,False,REVIEW_SEMANTIC_SUPPORT,False
10327,AR-093 Poduszka przeciwodleżynowa – pneumatyczna PREVENT CLASSIC,AR-093,13191,Poduszka przeciwodleżynowa – pneumatyczna. PREVENT CLASSIC,AR-093,/products/poduszka-przeciwodlezynowa-pneumatyczna-prevent-classic,active,True,1,armedical,1,/ar-093-poduszka-przeciwodlezynowa-pneumatyczna-prevent-classic-id-10327,False,5,classic|pneumatyczna|poduszka|prevent|przeciwodlezynowa,1,False,False,False,REVIEW_SEMANTIC_SUPPORT,False
10328,AR-094 Poduszka przeciwodleżynowa – pneumatyczna. PREVENT PLUS,AR-094,13192,Poduszka przeciwodleżynowa – pneumatyczna. PREVENT PLUS,AR-094,/products/poduszka-przeciwodlezynowa-pneumatyczna-prevent-plus,active,True,1,armedical,1,/ar-094-poduszka-przeciwodlezynowa-pneumatyczna-prevent-plus-id-10328,False,5,plus|pneumatyczna|poduszka|prevent|przeciwodlezynowa,1,False,False,False,REVIEW_SEMANTIC_SUPPORT,False
10329,AR-095 Poduszka przeciwodleżynowa – pneumatyczna. PREVENT PREMIUM,AR-095,13193,Poduszka przeciwodleżynowa – pneumatyczna. PREVENT PREMIUM,AR-095,/products/poduszka-przeciwodlezynowa-pneumatyczna-prevent-premium,active,True,1,armedical,1,/ar-095-poduszka-przeciwodlezynowa-pneumatyczna-prevent-premium-id-10329,False,5,pneumatyczna|poduszka|premium|prevent|przeciwodlezynowa,1,False,False,False,REVIEW_SEMANTIC_SUPPORT,False
10330,AR-099 Basen do mycia głowy z prysznicem. PREMIUM SET,AR-099,13093,Basen do mycia głowy z prysznicem. PREMIUM SET,AR-099,/products/basen-do-mycia-glowy-z-prysznicem-premium-set,active,True,1,armedical,1,/ar-099-basen-do-mycia-glowy-z-prysznicem-premium-set-id-10330,False,6,basen|mycia|owy|premium|prysznicem|set,1,False,False,False,REVIEW_SEMANTIC_SUPPORT,False
10417,AR-320 Wózek inwalidzki aluminiowy PERFECT,AR-320,13117,Wózek inwalidzki aluminiowy PERFECT,AR-320,/products/wozek-inwalidzki-aluminiowy-perfect,active,True,5,armedical,2,/ar-320-wozek-inwalidzki-aluminiowy-perfect-70438-id-10417|/ar-320-wozek-inwalidzki-aluminiowy-perfect-id-10417,False,4,aluminiowy|inwalidzki|perfect|wozek,1,False,False,False,REVIEW_SEMANTIC_SUPPORT,False
10618,Klapki medyczne WEEKEND GENERAL COMFORT białe,WEEKEND,248,Weekend Scholl,weekend,/products/weekend,active,True,4,mobilex,2,/klapki-medyczne-weekend-general-comfort-biale-71017-id-10618|/klapki-medyczne-weekend-general-comfort-biale-id-10618,False,0,,1,False,False,False,REVIEW_NAME_DIVERGENCE,False
12890,Tynor Kołnierz ortopedyczny miękki Schantza B07,B-07,9602,Kołnierz Szyjny Ortopedyczny Typu Schantza,B-07,/products/kolnierz-szyjny-ortopedyczny,active,True,7,medreha,3,/kolnierz-ortopedyczny-miekki-b07-id-12890|/tynor-kolnierz-ortopedyczny-miekki-schantza-b07-83130-id-12890|/tynor-kolnierz-ortopedyczny-miekki-schantza-b07-id-12890,False,3,nierz|ortopedyczny|schantza,1,False,False,False,REVIEW_SEMANTIC_SUPPORT,False
12897,Tynor Temblak Miękki C-21,C-21,9521,Temblak Medyczny Przewiewny,C-21,/products/temblak-medyczny,active,True,7,medreha,3,/temblak-c21-id-12897|/tynor-temblak-miekki-c-21-83400-id-12897|/tynor-temblak-miekki-c-21-id-12897,False,1,temblak,1,False,False,False,REVIEW_SEMANTIC_SUPPORT,False
12916,TYNOR Stabilizator Barku J-14,J-14,9570,Stabilzator Barku Orteza Stawu Barkowego,J-14,/products/stabilizator-stawu-barkowego,active,True,2,medreha,3,/stabilizator-barku-j14-id-12916|/tynor-stabilizator-barku-j-14-83406-id-12916|/tynor-stabilizator-barku-j-14-id-12916,False,1,barku,1,False,False,False,REVIEW_SEMANTIC_SUPPORT,False
12936,TYNOR A-20 PAS CIĄŻOWY PODTRZYMUJĄCY BRZUSZNY,A-20,9431,Pas Ciążowy Macierzyński Podtrzymujący Brzuszny,A-20,/products/pas-ciazowy,active,True,7,medreha,3,/ciazowa-orteza-kregoslupa-a20-id-12936|/tynor-a-20-pas-ciazowy-podtrzymujacy-brzuszny-83239-id-12936|/tynor-a-20-pas-ciazowy-podtrzymujacy-brzuszny-id-12936,False,4,brzuszny|ciazowy|pas|podtrzymujacy,1,False,False,False,REVIEW_SEMANTIC_SUPPORT,False
12957,Orteza stawu skokowego D02,D02,9491,Pediatryczna Orteza Stawu Skokowego,D02,/products/pediatryczna-orteza-stawu-skokowego,active,True,7,medreha,2,/orteza-stawu-skokowego-d02-83305-id-12957|/orteza-stawu-skokowego-d02-id-12957,False,3,orteza|skokowego|stawu,1,False,False,False,REVIEW_SEMANTIC_SUPPORT,False
12972,TYNOR Pediatryczny Prostotrzymacz Pleców Pajączek C-05 CH,C-05,9595,Orteza Obojczyka Prostotrzymacz Ortopedyczny Pajączek,C-05,/products/orteza-obojczyka-pajaczek,active,True,7,medreha,2,/pediatryczna-orteza-obojczyka-prosto-trzymacz-plecow-pajaczek-id-12972|/tynor-pediatryczny-prostotrzymacz-plecow-pajaczek-c-05-ch-id-12972,False,2,pajaczek|prostotrzymacz,1,False,False,False,REVIEW_SEMANTIC_SUPPORT,False
13001,Wózek inwalidzki ręczny JUDITTA,JUDITTA,9,JUDITTA wózek inwalidzki multipozycyjny komfortowy Ormesa,juditta,/products/juditta,active,True,12,mobilex,2,/wozek-inwalidzki-reczny-juditta-83451-id-13001|/wozek-inwalidzki-reczny-juditta-id-13001,False,2,inwalidzki|wozek,1,False,False,False,REVIEW_SEMANTIC_SUPPORT,False
13019,RELAXSAN Legginsy Termoaktywne Męskie Z Wełny Merino ZERO°,3000,9879,Legginsy termoaktywne męskie z wełny merino RelaxSan ZERO°,3000,/products/legginsy-termoaktywne-meskie-z-welny-merino-relaxsan-zero,active,True,6,relaxsan,3,/legginsy-termoaktywne-meskie-z-welny-merino-relaxsan-zero-id-13019|/relaxsan-legginsy-termoaktywne-meskie-z-welny-merino-zero-83502-id-13019|/relaxsan-legginsy-termoaktywne-meskie-z-welny-merino-zero-id-13019,False,6,legginsy|merino|meskie|relaxsan|termoaktywne|zero,1,False,False,False,REVIEW_SEMANTIC_SUPPORT,False
13020,RELAXSAN Legginsy Termoaktywne Damskie Z Wełny Merino ZERO°,3200,9875,Legginsy termoaktywne damskie z wełny merino RelaxSan ZERO°,3200,/products/legginsy-termoaktywne-damskie-z-welny-merino-relaxsan-zero,active,True,6,relaxsan,3,/legginsy-termoaktywne-damskie-z-welny-merino-relaxsan-zero-id-13020|/relaxsan-legginsy-termoaktywne-damskie-z-welny-merino-zero-83506-id-13020|/relaxsan-legginsy-termoaktywne-damskie-z-welny-merino-zero-id-13020,False,6,damskie|legginsy|merino|relaxsan|termoaktywne|zero,1,False,False,False,REVIEW_SEMANTIC_SUPPORT,False
13021,RELAXSAN Koszulka Termoaktywna Męska Z Długim Rękawem Z Wełny Merino ZERO°,3020,9878,Koszulka termoaktywna męska z długim rękawem z wełny merino RelaxSan ZERO°,3020,/products/koszulka-termoaktywna-meska-z-dlugim-rekawem-z-welny-merino-relaxsan-zero,active,True,6,relaxsan,3,/koszulka-termoaktywna-meska-z-dlugim-rekawem-z-welny-merino-relaxsan-zero-id-13021|/relaxsan-koszulka-termoaktywna-meska-z-dlugim-rekawem-z-welny-merino-zero-83510-id-13021|/relaxsan-koszulka-termoaktywna-meska-z-dlugim-rekawem-z-welny-merino-zero-id-13021,False,8,koszulka|merino|meska|rekawem|relaxsan|termoaktywna|ugim|zero,1,False,False,False,REVIEW_SEMANTIC_SUPPORT,False
13022,RELAXSAN Koszulka Termoaktywna Damska Z Długim Rękawem Z Wełny Merino ZERO°,3220,9874,Koszulka termoaktywna damska z długim rękawem z wełny merino RelaxSan ZERO°,3220,/products/koszulka-termoaktywna-damska-z-dlugim-rekawem-z-welny-merino-relaxsan-zero,active,True,6,relaxsan,3,/koszulka-termoaktywna-damska-z-dlugim-rekawem-z-welny-merino-relaxsan-zero-id-13022|/relaxsan-koszulka-termoaktywna-damska-z-dlugim-rekawem-z-welny-merino-zero-83513-id-13022|/relaxsan-koszulka-termoaktywna-damska-z-dlugim-rekawem-z-welny-merino-zero-id-13022,False,8,damska|koszulka|merino|rekawem|relaxsan|termoaktywna|ugim|zero,1,False,False,False,REVIEW_SEMANTIC_SUPPORT,False
13161,Klin na haluks z pierścieniem i regulacją twardości,C159-24129,12107,Klin na haluks z pierścieniem i regulacją twardości ( S/M) ( L/XL)- SmartGel,C159-24129,/products/klin-na-haluks-z-pierscieniem-i-regulacja-twardosci-sm-lxl-smartgel,active,True,2,vaya,2,/klin-na-haluks-z-pierscieniem-i-regulacja-twardosci-84493-id-13161|/klin-na-haluks-z-pierscieniem-i-regulacja-twardosci-id-13161,False,5,haluks|klin|pierscieniem|regulacja|twardosci,1,False,False,False,REVIEW_SEMANTIC_SUPPORT,False
13163,Wkładki ortopedyczne na zapalenie rozcięgna podeszwowego Vaya Plantaro,VAYA-ORT-201,12387,Wkładki ortopedyczne na zapalenie rozcięgna podeszwowego Vaya Plantaro 1 para,VAYA-ORT-201,/products/wkladki-ortopedyczne-na-zapalenie-rozciegna-podeszwowego-vaya-plantaro-1-para,active,True,6,vaya,2,/wkladki-ortopedyczne-na-zapalenie-rozciegna-podeszwowego-vaya-plantaro-84497-id-13163|/wkladki-ortopedyczne-na-zapalenie-rozciegna-podeszwowego-vaya-plantaro-id-13163,False,6,adki|ortopedyczne|plantaro|podeszwowego|rozciegna|zapalenie,1,False,False,False,REVIEW_SEMANTIC_SUPPORT,False
13166,Klin na Haluks z opaską mocującą,C6E2-41183,12104,Klin na Haluks z opaską mocującą (M) (L) - SmartGel,C6E2-41183,/products/klin-na-haluks-z-opaska-mocujaca-m-l-smartgel,active,True,2,vaya,2,/klin-na-haluks-z-opaska-mocujaca-84501-id-13166|/klin-na-haluks-z-opaska-mocujaca-id-13166,False,4,haluks|klin|mocujaca|opaska,1,False,False,False,REVIEW_SEMANTIC_SUPPORT,False
13167,Półwkładki ortopedyczne pod ostrogi piętowe Vaya Plantico,846A-133CC,12271,Półwkładki ortopedyczne pod ostrogi piętowe Vaya Plantico 1 para,846A-133CC,/products/polwkladki-ortopedyczne-pod-ostrogi-pietowe-vaya-plantico-1-para,active,True,6,vaya,2,/polwkladki-ortopedyczne-pod-ostrogi-pietowe-vaya-plantico-84505-id-13167|/polwkladki-ortopedyczne-pod-ostrogi-pietowe-vaya-plantico-id-13167,False,7,adki|ortopedyczne|ostrogi|pietowe|plantico|pod|vaya,1,False,False,False,REVIEW_SEMANTIC_SUPPORT,False
13169,Podpiętki pod ostrogi piętowe Vaya Relaxum,VAYA-ORT-401,12054,Podpiętki wkładki ortopedyczne pod ostrogi piętowe Vaya Relaxum 1 para,VAYA-ORT-401,/products/podpietki-wkladki-ortopedyczne-pod-ostrogi-pietowe-vaya-relaxum-1-para,active,True,4,vaya,2,/podpietki-pod-ostrogi-pietowe-vaya-relaxum-84517-id-13169|/podpietki-pod-ostrogi-pietowe-vaya-relaxum-id-13169,False,5,ostrogi|pietowe|pod|podpietki|relaxum,1,False,False,False,REVIEW_SEMANTIC_SUPPORT,False
13661,Poduszka ortopedyczna do siedzenia EXCLUSIVE SEAT,MFP-4235,13241,Poduszka ortopedyczna do siedzenia EXCLUSIVE SEAT,MFP-4235,/products/poduszka-ortopedyczna-do-siedzenia-exclusive-seat-2,active,True,1,armedical,1,/poduszka-ortopedyczna-do-siedzenia-exclusive-seat-id-13661,True,5,exclusive|ortopedyczna|poduszka|seat|siedzenia,1,False,False,False,REVIEW_EXACT_NORMALIZED_NAME,False
13662,MFP-4540 Poduszka ortopedyczna do siedzenia PREMIUM SEAT,MFP-4540,13242,Poduszka ortopedyczna do siedzenia PREMIUM SEAT,MFP-4540,/products/poduszka-ortopedyczna-do-siedzenia-premium-seat,active,True,1,armedical,1,/mfp-4540-poduszka-ortopedyczna-do-siedzenia-premium-seat-id-13662,False,5,ortopedyczna|poduszka|premium|seat|siedzenia,1,False,False,False,REVIEW_SEMANTIC_SUPPORT,False
13665,AR-016M Laska inwalidzka – trójnóg z miękkim uchwytem T-SOFT,AR-016M,13134,Laska inwalidzka – trójnóg z miękkim uchwytem T-SOFT,AR-016M,/products/laska-inwalidzka-trojnog-z-miekkim-uchwytem-t-soft,active,True,1,armedical,1,/ar-016m-laska-inwalidzka-trojnog-z-miekkim-uchwytem-t-soft-id-13665,False,6,inwalidzka|laska|miekkim|soft|trojnog|uchwytem,1,False,False,False,REVIEW_SEMANTIC_SUPPORT,False
