legacy_id,legacy_name,legacy_index,target_product_id,target_product_name,target_parent_sku,target_path,active_variant_count,legacy_source_path_count,legacy_source_paths,triage_bucket,seo09b_review_tier,seo09b_recommendation,seo09b_rationale
444,Materac gorczycowy z łuską gryki 160x200 + 2 poduszki,103,12057,Wkładki 3/4 ortopedyczne zapobiegające zmęczeniu stóp przy płaskostopiu podłużnym i poprzecznym Tacco Nova,103,/products/wkladki-34-ortopedyczne-zapobiegajace-zmeczeniu-stop-przy-plaskostopiu-podluznym-i-poprzecznym-tacco-nova,14,2,/materac-gorczycowy-z-luska-gryki-160x200-2-poduszki-2204-id-444|/materac-gorczycowy-z-luska-gryki-160x200-2-poduszki-id-444,REVIEW_NAME_DIVERGENCE,IDENTIFIER_NAME_COLLISION,HOLD,"Although the external parent SKU matches, the legacy and target product identities are materially different; treat as identifier/data collision pending correction."
457,Materac 100% gorczycy 80x200cm,107,9606,Magnetyczny Korektor Wad Postawy Orteza Kręgosłupa,107,/products/magnetyczny-korektor-wad-postawy-orteza-kregoslupa,6,1,/materac-100-gorczycy-80x200cm-id-457,REVIEW_NAME_DIVERGENCE,IDENTIFIER_NAME_COLLISION,HOLD,"Although the external parent SKU matches, the legacy and target product identities are materially different; treat as identifier/data collision pending correction."
2222,Wózek inwalidzki stalowy - ECON 220,ECON220,11433,Wózek inwalidzki econ 220,ECON220,/products/wozek-inwalidzki-econ-220,1,2,/wozek-inwalidzki-stalowy-econ-220-6034-id-2222|/wozek-inwalidzki-stalowy-econ-220-id-2222,REVIEW_SEMANTIC_SUPPORT,SEMANTIC_STRONG,RECOMMEND_APPROVE_301,Unique exact parent-SKU identity with strong substantive legacy/target name agreement.
2774,Mobilex Dynawalk,Dynawalk,80,DynaWalk,dynawalk,/products/dynawalk,2,2,/dynawalk-id-2774|/mobilex-dynawalk-7197-id-2774,REVIEW_NAME_DIVERGENCE,MANUAL_SAME_PRODUCT_NAME_VARIANT,RECOMMEND_APPROVE_301,Exact unique parent-SKU identity plus manual name review confirms the same named model/product.
3498,Siedzisko prysznicowe,SPU-370,11285,Siedzisko prysznicowe SPU-370,SPU-370,/products/siedzisko-prysznicowe-spu-370,1,1,/siedzisko-prysznicowe-id-3498,REVIEW_SEMANTIC_SUPPORT,SEMANTIC_STRONG,RECOMMEND_APPROVE_301,Unique exact parent-SKU identity with strong substantive legacy/target name agreement.
3499,ŁAWECZKA NAWANNOWA,SNW-500,11003,Ławeczka nawannowa SNW-500,SNW-500,/products/laweczka-nawannowa-snw-500,1,1,/laweczka-nawannowa-id-3499,REVIEW_SEMANTIC_SUPPORT,SEMANTIC_STRONG,RECOMMEND_APPROVE_301,Unique exact parent-SKU identity with strong substantive legacy/target name agreement.
4355,Condylex Opaska na łokieć tenisisty Thuasne,7007,12722,Poduszka ortopedyczna V 7007,7007,/products/poduszka-ortopedyczna-v-7007,0,2,/condylex-opaska-na-lokiec-tenisisty-thuasne-24821-id-4355|/condylex-opaska-na-lokiec-tenisisty-thuasne-id-4355,BLOCKED_NO_ACTIVE_VARIANTS,BLOCKED_NO_ACTIVE_VARIANTS,HOLD,Exact parent SKU identity is insufficient for redirect activation while the target has zero active variants.
6608,"Poduszka ortopedyczna PROFILOWANA, EXCLUSIVE DREAM",MFP-5030,13208,"Poduszka ortopedyczna profilowana, „EXCLUSIVE DREAM”",MFP-5030,/products/poduszka-ortopedyczna-profilowana-exclusive-dream-2,1,1,/poduszka-ortopedyczna-profilowana-exclusive-dream-id-6608,REVIEW_EXACT_NORMALIZED_NAME,EXACT_NAME,RECOMMEND_APPROVE_301,"Unique exact parent-SKU match, storefront-reachable active target, and normalized legacy/target names agree."
6611,MFP-5030BV Poduszka ortopedyczna PROFILOWANA,MFP-5030BV,13210,"Poduszka ortopedyczna profilowana, wentylowana „BAMBOO DREAM”",MFP-5030BV,/products/poduszka-ortopedyczna-profilowana-wentylowana-bamboo-dream,1,1,/mfp-5030bv-poduszka-ortopedyczna-profilowana-id-6611,REVIEW_SEMANTIC_SUPPORT,SEMANTIC_STRONG,RECOMMEND_APPROVE_301,Unique exact parent-SKU identity with strong substantive legacy/target name agreement.
6613,MFP-5030AF Poduszka ortopedyczna PROFILOWANA AloeVera Dream,MFP-5030AF,13246,Poduszka ortopedyczna profilowana „AloeVera Dream”,MFP-5030AF,/products/poduszka-ortopedyczna-profilowanaaloevera-dream,1,1,/mfp-5030af-poduszka-ortopedyczna-profilowana-aloevera-dream-id-6613,REVIEW_SEMANTIC_SUPPORT,SEMANTIC_STRONG,RECOMMEND_APPROVE_301,Unique exact parent-SKU identity with strong substantive legacy/target name agreement.
6614,MFP-5535AF Poduszka ortopedyczna PROFILOWANA AloeVera Dream,MFP-5535AF,13201,Poduszka ortopedyczna profilowana „AloeVera Dream”,MFP-5535AF,/products/poduszka-ortopedyczna-profilowana-aloevera-dream,1,1,/mfp-5535af-poduszka-ortopedyczna-profilowana-aloevera-dream-id-6614,REVIEW_SEMANTIC_SUPPORT,SEMANTIC_STRONG,RECOMMEND_APPROVE_301,Unique exact parent-SKU identity with strong substantive legacy/target name agreement.
6615,"MFP-5433EP Poduszka ortopedyczna profilowana, dwustronna",MFP-5433EP,13209,"Poduszka ortopedyczna profilowana, dwustronna „Ergonomic Dream”",MFP-5433EP,/products/poduszka-ortopedyczna-profilowana-dwustronna-ergonomic-dream,1,1,/mfp-5433ep-poduszka-ortopedyczna-profilowana-dwustronna-id-6615,REVIEW_SEMANTIC_SUPPORT,SEMANTIC_STRONG,RECOMMEND_APPROVE_301,Unique exact parent-SKU identity with strong substantive legacy/target name agreement.
6616,Poduszka ortopedyczna profilowana „EXCLUSIVE DREAM”,MFP-5535,13205,Poduszka ortopedyczna profilowana „EXCLUSIVE DREAM”,MFP-5535,/products/poduszka-ortopedyczna-profilowana-exclusive-dream,1,1,/poduszka-ortopedyczna-profilowana-exclusive-dream-id-6616,REVIEW_EXACT_NORMALIZED_NAME,EXACT_NAME,RECOMMEND_APPROVE_301,"Unique exact parent-SKU match, storefront-reachable active target, and normalized legacy/target names agree."
6618,Poduszka ortopedyczna TRADYCYJNA Exclusive Dream,TFP-5030TP,13211,Poduszka ortopedyczna tradycyjna „EXCLUSIVE DREAM”,TFP-5030TP,/products/poduszka-ortopedyczna-tradycyjna-exclusive-dream-2,1,1,/poduszka-ortopedyczna-tradycyjna-exclusive-dream-id-6618,REVIEW_EXACT_NORMALIZED_NAME,EXACT_NAME,RECOMMEND_APPROVE_301,"Unique exact parent-SKU match, storefront-reachable active target, and normalized legacy/target names agree."
6619,TFP-6040 Poduszka ortopedyczna TRADYCYJNA Exclusive Dream,TFP-6040,13212,Poduszka ortopedyczna tradycyjna „EXCLUSIVE DREAM”,TFP-6040,/products/poduszka-ortopedyczna-tradycyjna-exclusive-dream,1,1,/tfp-6040-poduszka-ortopedyczna-tradycyjna-exclusive-dream-id-6619,REVIEW_SEMANTIC_SUPPORT,SEMANTIC_STRONG,RECOMMEND_APPROVE_301,Unique exact parent-SKU identity with strong substantive legacy/target name agreement.
6620,MFP-4026 Poduszka ortopedyczna profilowana „BABY DREAM”,MFP-4026,13202,Poduszka ortopedyczna profilowana „BABY DREAM”,MFP-4026,/products/poduszka-ortopedycznaprofilowana-baby-dream,1,1,/mfp-4026-poduszka-ortopedyczna-profilowana-baby-dream-id-6620,REVIEW_SEMANTIC_SUPPORT,SEMANTIC_STRONG,RECOMMEND_APPROVE_301,Unique exact parent-SKU identity with strong substantive legacy/target name agreement.
6621,Poduszka ortopedyczna PODRÓŻNA Exclusive Travel,MTP-2828,13190,"Poduszka ortopedyczna, „EXCLUSIVE TRAVEL”",MTP-2828,/products/poduszka-ortopedyczna-exclusive-travel-2,1,1,/poduszka-ortopedyczna-podrozna-exclusive-travel-id-6621,REVIEW_SEMANTIC_SUPPORT,SEMANTIC_STRONG,RECOMMEND_APPROVE_301,Unique exact parent-SKU identity with strong substantive legacy/target name agreement.
6622,Poduszka ortopedyczne PODRÓŻNA Exclusive Travel Ultra-Komfort,MTP-3230,13237,Poduszka ortopedyczna „EXCLUSIVE TRAVEL”,MTP-3230,/products/poduszka-ortopedyczna-exclusive-travel,1,1,/poduszka-ortopedyczne-podrozna-exclusive-travel-ultra-komfort-id-6622,REVIEW_SEMANTIC_SUPPORT,SEMANTIC_MODERATE,RECOMMEND_APPROVE_301,Unique exact parent-SKU identity with moderate semantic/model-name support; manually reviewed as the same product identity.
6623,"Poduszka ortopedyczna ""separator"" pomiędzy kolana ""EXCLUSIVE SUP",MFP-2520,13238,Poduszka ortopedyczna „separator” pomiędzy kolana „EXCLUSIVE SUPPORT”,MFP-2520,/products/poduszka-ortopedyczna-separator-pomiedzy-kolana-exclusive-support,1,1,/poduszka-ortopedyczna-separator-pomiedzy-kolana-exclusive-sup-id-6623,REVIEW_SEMANTIC_SUPPORT,SEMANTIC_STRONG,RECOMMEND_APPROVE_301,Unique exact parent-SKU identity with strong substantive legacy/target name agreement.
6624,Poduszka ortopedyczna lędźwiowa EXCLUSIVE SUPPORT,MFP-3433,13243,Poduszka ortopedyczna lędźwiowa „EXCLUSIVE SUPPORT”,MFP-3433,/products/poduszka-ortopedyczna-ledzwiowaexclusive-support,1,1,/poduszka-ortopedyczna-ledzwiowa-exclusive-support-id-6624,REVIEW_EXACT_NORMALIZED_NAME,EXACT_NAME,RECOMMEND_APPROVE_301,"Unique exact parent-SKU match, storefront-reachable active target, and normalized legacy/target names agree."
6625,Poduszka ortopedyczne LĘDŹWIOWA Exclusive Support Ultra-Komfort,MFP-5344,13244,Poduszka ortopedyczna lędźwiowa „EXCLUSIVE SUPPORT”,MFP-5344,/products/poduszka-ortopedyczna-ledzwiowa-exclusive-support,1,1,/poduszka-ortopedyczne-ledzwiowa-exclusive-support-ultra-komfort-id-6625,REVIEW_SEMANTIC_SUPPORT,SEMANTIC_STRONG,RECOMMEND_APPROVE_301,Unique exact parent-SKU identity with strong substantive legacy/target name agreement.
6636,Piłka rahabilitacyjna ORZESZEK z ABS,PSB-50,13265,Piłka rehabilitacyjna „ORZESZEK” z ABS,PSB-50,/products/pilka-rehabilitacyjna-orzeszek-z-abs,1,1,/pilka-rahabilitacyjna-orzeszek-z-abs-id-6636,REVIEW_SEMANTIC_SUPPORT,SEMANTIC_STRONG,RECOMMEND_APPROVE_301,Unique exact parent-SKU identity with strong substantive legacy/target name agreement.
6639,AR-920 Materac przeciwodleżynowy pneumatyczny,AR-920,13145,Materac pneumatyczny przeciwodleżynowy zmiennociśnieniowy „Bąbelkowy”,AR-920,/products/materac-pneumatyczny-przeciwodlezynowy-zmiennocisnieniowy-babelkowy,1,1,/ar-920-materac-przeciwodlezynowy-pneumatyczny-id-6639,REVIEW_SEMANTIC_SUPPORT,SEMANTIC_STRONG,RECOMMEND_APPROVE_301,Unique exact parent-SKU identity with strong substantive legacy/target name agreement.
6640,Podkład do materaca AR-920,AR-921,13247,Podkład do materaca pneumatycznego przeciwodleżynowego zmiennociśnieniowego „Bąbelkowego”,AR-921,/products/podklad-do-materaca-pneumatycznego-przeciwodlezynowego-zmiennocisnieniowego-babelkowego,1,1,/podklad-do-materaca-ar-920-id-6640,REVIEW_SEMANTIC_SUPPORT,SEMANTIC_MODERATE,RECOMMEND_APPROVE_301,Unique exact parent-SKU identity with moderate semantic/model-name support; manually reviewed as the same product identity.
6642,Podkład do materaca przeciwodleżynowego - RUROWEGO,AR-951,13146,Materac pneumatyczny przeciwodleżynowy zmiennociśnieniowy „Rurowy” – Podkład,AR-951,/products/materac-pneumatyczny-przeciwodlezynowy-zmiennocisnieniowy-rurowy-podklad,1,1,/podklad-do-materaca-przeciwodlezynowego-rurowego-id-6642,REVIEW_SEMANTIC_SUPPORT,SEMANTIC_WEAK,RECOMMEND_APPROVE_301,Unique exact parent-SKU identity with weak lexical overlap; manually reviewed as the same product/model rather than an identifier collision.
6643,Podpórka pod plecy,AR-220,13249,Podpórka pod plecy,AR-220,/products/podporka-pod-plecy,1,1,/podporka-pod-plecy-id-6643,REVIEW_EXACT_NORMALIZED_NAME,EXACT_NAME,RECOMMEND_APPROVE_301,"Unique exact parent-SKU match, storefront-reachable active target, and normalized legacy/target names agree."
6645,Kula łokciowa-aluminowa z ruchomą obejmą,AR-024,13131,Kula łokciowa – aluminiowa z ruchomą obejmą,AR-024,/products/kula-lokciowa-aluminiowa-z-ruchoma-obejma,1,1,/kula-lokciowa-aluminowa-z-ruchoma-obejma-id-6645,REVIEW_SEMANTIC_SUPPORT,SEMANTIC_STRONG,RECOMMEND_APPROVE_301,Unique exact parent-SKU identity with strong substantive legacy/target name agreement.
6648,AR-012 Nasadka gumowa na balkonik,AR-012,13167,Nasadka gumowa na balkonik,AR-012,/products/nasadka-gumowa-na-balkonik,1,1,/ar-012-nasadka-gumowa-na-balkonik-id-6648,REVIEW_SEMANTIC_SUPPORT,SEMANTIC_STRONG,RECOMMEND_APPROVE_301,Unique exact parent-SKU identity with strong substantive legacy/target name agreement.
6653,Laska inwalidzka - czwórnóg niski z miękkim uchwytem,AR-017,13138,Laska inwalidzka aluminiowa – czwórnóg niski z miękkim uchwytem,AR-017,/products/laska-inwalidzka-aluminiowa-czwornog-niski-z-miekkim-uchwytem,1,2,/laska-inwalidzka-czwornog-niski-z-miekkim-uchwytem-38009-id-6653|/laska-inwalidzka-czwornog-niski-z-miekkim-uchwytem-id-6653,REVIEW_SEMANTIC_SUPPORT,SEMANTIC_STRONG,RECOMMEND_APPROVE_301,Unique exact parent-SKU identity with strong substantive legacy/target name agreement.
6655,AR-001 Balkonik aluminiowy składany krocząco-stały,AR-001,13088,"Balkonik aluminiowy składany, krocząco-stały. Pojedyncza rama H",AR-001,/products/balkonik-aluminiowy-skladany-kroczaco-staly-pojedyncza-rama-h,1,2,/ar-001-balkonik-aluminiowy-skladany-kroczaco-staly-70767-id-6655|/ar-001-balkonik-aluminiowy-skladany-kroczaco-staly-id-6655,REVIEW_SEMANTIC_SUPPORT,SEMANTIC_STRONG,RECOMMEND_APPROVE_301,Unique exact parent-SKU identity with strong substantive legacy/target name agreement.
6656,AR-002 Balkonik aluminiowy-składany krocząco stały,AR-002,13087,"Balkonik aluminiowy składany, krocząco-stały. Podwójna rama H",AR-002,/products/balkonik-aluminiowy-skladany-kroczaco-staly-podwojna-rama-h,1,2,/ar-002-balkonik-aluminiowy-skladany-kroczaco-staly-70769-id-6656|/ar-002-balkonik-aluminiowy-skladany-kroczaco-staly-id-6656,REVIEW_SEMANTIC_SUPPORT,SEMANTIC_STRONG,RECOMMEND_APPROVE_301,Unique exact parent-SKU identity with strong substantive legacy/target name agreement.
6657,"AR-003 Balkonik aluminiowy składany, dwukołowy - koła 5""",AR-003,13086,"Balkonik aluminiowy składany, dwukołowy – koła 5″",AR-003,/products/balkonik-aluminiowy-skladany-dwukolowy-kola-5,1,2,/ar-003-balkonik-aluminiowy-skladany-dwukolowy-kola-5-38011-id-6657|/ar-003-balkonik-aluminiowy-skladany-dwukolowy-kola-5-id-6657,REVIEW_SEMANTIC_SUPPORT,SEMANTIC_STRONG,RECOMMEND_APPROVE_301,Unique exact parent-SKU identity with strong substantive legacy/target name agreement.
6658,AR-004 Balkonik trójkołowy z torbą i koszykiem,AR-004,13092,Balkonik trójkołowy z torbą i koszykiem,AR-004,/products/balkonik-trojkolowy-z-torba-i-koszykiem,1,1,/ar-004-balkonik-trojkolowy-z-torba-i-koszykiem-id-6658,REVIEW_SEMANTIC_SUPPORT,SEMANTIC_STRONG,RECOMMEND_APPROVE_301,Unique exact parent-SKU identity with strong substantive legacy/target name agreement.
6659,"AR-005 Podpórka rehabilitacyjna 4-kołowa, stalowa. CLASSIC",AR-005,13257,"Podpórka rehabilitacyjna 4-kołowa, stalowa. CLASSIC",AR-005,/products/podporka-rehabilitacyjna-4-kolowa-stalowa-classic,1,1,/ar-005-podporka-rehabilitacyjna-4-kolowa-stalowa-classic-id-6659,REVIEW_SEMANTIC_SUPPORT,SEMANTIC_STRONG,RECOMMEND_APPROVE_301,Unique exact parent-SKU identity with strong substantive legacy/target name agreement.
6660,Podpórka rehabilitacyjna 4-kołowa PRESTIGE,AR-006,13256,"Podpórka rehabilitacyjna 4-kołowa, aluminiowa. PRESTIGE",AR-006,/products/podporka-rehabilitacyjna-4-kolowa-aluminiowa-prestige,1,2,/podporka-rehabilitacyjna-4-kolowa-prestige-70766-id-6660|/podporka-rehabilitacyjna-4-kolowa-prestige-id-6660,REVIEW_SEMANTIC_SUPPORT,SEMANTIC_STRONG,RECOMMEND_APPROVE_301,Unique exact parent-SKU identity with strong substantive legacy/target name agreement.
6669,ARMEDICAL AR-102 Krzesło toaletowe tapicerowane składane,AR-102,13125,Krzesło toaletowe tapicerowane – składane,AR-102,/products/krzeslo-toaletowe-tapicerowane-skladane,1,2,/armedical-ar-102-krzeslo-toaletowe-tapicerowane-skladane--id-6669|/krzeslo-toaletowe-tapicerowane-skladane-id-6669,REVIEW_SEMANTIC_SUPPORT,SEMANTIC_STRONG,RECOMMEND_APPROVE_301,Unique exact parent-SKU identity with strong substantive legacy/target name agreement.
6671,Krzesło toaletowo prysznicowe,AR-104,13127,"Krzesło toaletowo-prysznicowe, aluminiowe – składane",AR-104,/products/krzeslo-toaletowo-prysznicowe-aluminiowe-skladane,1,1,/krzeslo-toaletowo-prysznicowe-id-6671,REVIEW_SEMANTIC_SUPPORT,SEMANTIC_STRONG,RECOMMEND_APPROVE_301,Unique exact parent-SKU identity with strong substantive legacy/target name agreement.
6676,AR-018 Rotor rehabilitacyjny,AR-018,13200,Rotor rehabilitacyjny,AR-018,/products/rotor-rehabilitacyjny,1,2,/ar-018-rotor-rehabilitacyjny-38014-id-6676|/ar-018-rotor-rehabilitacyjny-id-6676,REVIEW_SEMANTIC_SUPPORT,SEMANTIC_STRONG,RECOMMEND_APPROVE_301,Unique exact parent-SKU identity with strong substantive legacy/target name agreement.
6677,AR-019 Rotor rehabilitacyjny - składany,AR-019,13199,Rotor rehabilitacyjny – składany,AR-019,/products/rotor-rehabilitacyjny-skladany,1,2,/ar-019-rotor-rehabilitacyjny-skladany-38016-id-6677|/ar-019-rotor-rehabilitacyjny-skladany-id-6677,REVIEW_SEMANTIC_SUPPORT,SEMANTIC_STRONG,RECOMMEND_APPROVE_301,Unique exact parent-SKU identity with strong substantive legacy/target name agreement.
6678,AR-201 Taboret prysznicowy - okrągły,AR-201,13148,Taboret prysznicowy okrągły,AR-201,/products/taboret-prysznicowy-okragly,1,1,/ar-201-taboret-prysznicowy-okragly-id-6678,REVIEW_SEMANTIC_SUPPORT,SEMANTIC_STRONG,RECOMMEND_APPROVE_301,Unique exact parent-SKU identity with strong substantive legacy/target name agreement.
6679,AR-201A Taboret prysznicowy okrągły – obrotowy,AR-201A,13164,Taboret prysznicowy okrągły – obrotowy,AR-201A,/products/taboret-prysznicowy-okragly-obrotowy,1,1,/ar-201a-taboret-prysznicowy-okragly-obrotowy-id-6679,REVIEW_SEMANTIC_SUPPORT,SEMANTIC_STRONG,RECOMMEND_APPROVE_301,Unique exact parent-SKU identity with strong substantive legacy/target name agreement.
6680,AR-202 Krzesło prysznicowe bez oparcia,AR-202,13113,Krzesło prysznicowe bez oparcia,AR-202,/products/krzeslo-prysznicowe-bez-oparcia,1,1,/ar-202-krzeslo-prysznicowe-bez-oparcia-id-6680,REVIEW_SEMANTIC_SUPPORT,SEMANTIC_STRONG,RECOMMEND_APPROVE_301,Unique exact parent-SKU identity with strong substantive legacy/target name agreement.
6681,AR-203 Krzesło prysznicowe z oparciem,AR-203,13114,Krzesło prysznicowe z oparciem,AR-203,/products/krzeslo-prysznicowe-z-oparciem,1,1,/ar-203-krzeslo-prysznicowe-z-oparciem-id-6681,REVIEW_SEMANTIC_SUPPORT,SEMANTIC_STRONG,RECOMMEND_APPROVE_301,Unique exact parent-SKU identity with strong substantive legacy/target name agreement.
6682,AR-204 Taboret prysznicowy składany. Stalowy,AR-204,13150,Taboret prysznicowy składany. Stalowy,AR-204,/products/taboret-prysznicowy-skladany-stalowy,1,1,/ar-204-taboret-prysznicowy-skladany-stalowy-id-6682,REVIEW_SEMANTIC_SUPPORT,SEMANTIC_STRONG,RECOMMEND_APPROVE_301,Unique exact parent-SKU identity with strong substantive legacy/target name agreement.
6683,AR-205 Taboret prysznicowy - składany aluminiowy,AR-205,13149,Taboret prysznicowy składany. Aluminiowy,AR-205,/products/taboret-prysznicowy-skladany-aluminiowy,1,1,/ar-205-taboret-prysznicowy-skladany-aluminiowy-id-6683,REVIEW_SEMANTIC_SUPPORT,SEMANTIC_STRONG,RECOMMEND_APPROVE_301,Unique exact parent-SKU identity with strong substantive legacy/target name agreement.
6684,AR-206 Ławka nawannowa z uchwytem,AR-206,13144,Ławka nawannowa z uchwytem,AR-206,/products/lawka-nawannowa-z-uchwytem,1,2,/ar-206-lawka-nawannowa-z-uchwytem-38018-id-6684|/ar-206-lawka-nawannowa-z-uchwytem-id-6684,REVIEW_SEMANTIC_SUPPORT,SEMANTIC_STRONG,RECOMMEND_APPROVE_301,Unique exact parent-SKU identity with strong substantive legacy/target name agreement.
6685,AR-207 Ławka nawannowa wgłębna,AR-207,13143,Ławka nawannowa – wgłębna,AR-207,/products/lawka-nawannowa-wglebna,1,1,/ar-207-lawka-nawannowa-wglebna-id-6685,REVIEW_SEMANTIC_SUPPORT,SEMANTIC_STRONG,RECOMMEND_APPROVE_301,Unique exact parent-SKU identity with strong substantive legacy/target name agreement.
6686,AR-208 Krzesło prysznicowe z wycięciem U,AR-208,13115,Krzesło prysznicowe z wycięciem U,AR-208,/products/krzeslo-prysznicowe-z-wycieciem-u,1,1,/ar-208-krzeslo-prysznicowe-z-wycieciem-u-id-6686,REVIEW_SEMANTIC_SUPPORT,SEMANTIC_STRONG,RECOMMEND_APPROVE_301,Unique exact parent-SKU identity with strong substantive legacy/target name agreement.
6688,ERGONOMIC Wózek inwalidzki aluminiowy,AR-300,13159,Wózek inwalidzki aluminiowy ERGONOMIC,AR-300,/products/wozek-inwalidzki-aluminiowy-ergonomic,5,2,/ergonomic-wozek-inwalidzki-aluminiowy-70814-id-6688|/ergonomic-wozek-inwalidzki-aluminiowy-id-6688,REVIEW_SEMANTIC_SUPPORT,SEMANTIC_STRONG,RECOMMEND_APPROVE_301,Unique exact parent-SKU identity with strong substantive legacy/target name agreement.
6689,Dynamic Wózek inwalidzki aluminiowy,AR-330A,13158,Wózek inwalidzki aluminiowy DYNAMIC,AR-330A,/products/wozek-inwalidzki-aluminiowy-dynamic,5,2,/dynamic-wozek-inwalidzki-aluminiowy-70847-id-6689|/dynamic-wozek-inwalidzki-aluminiowy-id-6689,REVIEW_SEMANTIC_SUPPORT,SEMANTIC_STRONG,RECOMMEND_APPROVE_301,Unique exact parent-SKU identity with strong substantive legacy/target name agreement.
6691,OPTIMUM Wózek inwalidzki stalowy,AR-400,13121,Wózek inwalidzki stalowy OPTIMUM,AR-400,/products/wozek-inwalidzki-stalowy-optimum,5,2,/optimum-wozek-inwalidzki-stalowy-70869-id-6691|/optimum-wozek-inwalidzki-stalowy-id-6691,REVIEW_SEMANTIC_SUPPORT,SEMANTIC_STRONG,RECOMMEND_APPROVE_301,Unique exact parent-SKU identity with strong substantive legacy/target name agreement.
6692,Regular wózek inwalidzki stalowy,AR-405,13122,Wózek inwalidzki stalowy REGULAR,AR-405,/products/wozek-inwalidzki-stalowy-regular,5,2,/regular-wozek-inwalidzki-stalowy-70910-id-6692|/regular-wozek-inwalidzki-stalowy-id-6692,REVIEW_SEMANTIC_SUPPORT,SEMANTIC_STRONG,RECOMMEND_APPROVE_301,Unique exact parent-SKU identity with strong substantive legacy/target name agreement.
6693,"Okład żelowy zimo-ciepły - Mini, 10x10cm",CHP-1010,13184,"Okład zimno-ciepły – Mini, 10x10cm",CHP-1010,/products/oklad-zimno-cieply-mini10x10cm,1,1,/oklad-zelowy-zimo-cieply-mini-10x10cm-id-6693,REVIEW_SEMANTIC_SUPPORT,SEMANTIC_STRONG,RECOMMEND_APPROVE_301,Unique exact parent-SKU identity with strong substantive legacy/target name agreement.
6694,"Okład żelowy zimo-ciepły - Classic, 10x25cm",CHP-1025,13182,"Okład zimno-ciepły – Classic, 10x25cm",CHP-1025,/products/oklad-zimno-cieply-classic-10x25cm,1,1,/oklad-zelowy-zimo-cieply-classic-10x25cm-id-6694,REVIEW_SEMANTIC_SUPPORT,SEMANTIC_STRONG,RECOMMEND_APPROVE_301,Unique exact parent-SKU identity with strong substantive legacy/target name agreement.
6695,"Okład żelowy zimo-ciepły - Maxi, 20x30cm",CHP-2030,13183,"Okład zimno-ciepły – Maxi, 20x30cm",CHP-2030,/products/oklad-zimno-cieply-maxi-20x30cm,1,1,/oklad-zelowy-zimo-cieply-maxi-20x30cm-id-6695,REVIEW_SEMANTIC_SUPPORT,SEMANTIC_STRONG,RECOMMEND_APPROVE_301,Unique exact parent-SKU identity with strong substantive legacy/target name agreement.
7164,KOŁNIERZ ORTOPEDYCZNY SZTYWNY TYPU CAMPA DR-123-1,DR-123-1,12758,Kołnierz ortopedyczny typu Campa DR-123-1,DR-123-1,/products/kolnierz-ortopedyczny-typu-campa-dr-123-1,0,2,/kolnierz-ortopedyczny-sztywny-typu-campa-dr-123-1-43097-id-7164|/kolnierz-ortopedyczny-sztywny-typu-campa-dr-123-1-id-7164,BLOCKED_NO_ACTIVE_VARIANTS,BLOCKED_NO_ACTIVE_VARIANTS,HOLD,Exact parent SKU identity is insufficient for redirect activation while the target has zero active variants.
7171,ORTEZA NADGARSTKA I KCIUKA DR-W-132-1,DR-W132-1,12682,Orteza nadgarstka i kciuka DR-W132-1,DR-W132-1,/products/orteza-nadgarstka-i-kciuka-dr-w132-1,0,1,/orteza-nadgarstka-i-kciuka-dr-w-132-1-id-7171,BLOCKED_NO_ACTIVE_VARIANTS,BLOCKED_NO_ACTIVE_VARIANTS,HOLD,Exact parent SKU identity is insufficient for redirect activation while the target has zero active variants.
7172,ORTEZA NADGARSTKA I PALCA DR-W132-2,DR-W132-2,12685,Orteza palca DR-W132-2,DR-W132-2,/products/orteza-palca-dr-w132-2,0,1,/orteza-nadgarstka-i-palca-dr-w132-2-id-7172,BLOCKED_NO_ACTIVE_VARIANTS,BLOCKED_NO_ACTIVE_VARIANTS,HOLD,Exact parent SKU identity is insufficient for redirect activation while the target has zero active variants.
7174,ORTEZA STAWU NADGARSTKOWEGO I ŚRÓDRĘCZA DR-W132-4,DR-W132-4,12699,Orteza stawu nadgarstkowego i palców DR-W132-4,DR-W132-4,/products/orteza-stawu-nadgarstkowego-i-palcow-dr-w132-4,0,2,/orteza-stawu-nadgarstkowego-i-srodrecza-dr-w132-4-43107-id-7174|/orteza-stawu-nadgarstkowego-i-srodrecza-dr-w132-4-id-7174,BLOCKED_NO_ACTIVE_VARIANTS,BLOCKED_NO_ACTIVE_VARIANTS,HOLD,Exact parent SKU identity is insufficient for redirect activation while the target has zero active variants.
7175,Orteza kciuka DR-W132-6,DR-W132-6,12684,Orteza nadgarstka i palca DR-W132-6,DR-W132-6,/products/orteza-nadgarstka-i-palca-dr-w132-6,0,1,/orteza-kciuka-dr-w132-6-id-7175,BLOCKED_NO_ACTIVE_VARIANTS,BLOCKED_NO_ACTIVE_VARIANTS,HOLD,Exact parent SKU identity is insufficient for redirect activation while the target has zero active variants.
7182,ORTEZA STAWU NADGARSTKOWEGO I KCIUKA DR-W022,DR-W022,12693,Orteza stawu nadgarstkowego DR-W022,DR-W022,/products/orteza-stawu-nadgarstkowego-dr-w022,0,2,/orteza-stawu-nadgarstkowego-i-kciuka-dr-w022-43133-id-7182|/orteza-stawu-nadgarstkowego-i-kciuka-dr-w022-id-7182,BLOCKED_NO_ACTIVE_VARIANTS,BLOCKED_NO_ACTIVE_VARIANTS,HOLD,Exact parent SKU identity is insufficient for redirect activation while the target has zero active variants.
7187,ORTEZA LĘDŹWIOWO – KRZYŻOWA Z SZELKAMI DR-B003,DR-B003,12759,Orteza lędźwiowo-krzyżowa DR-B003,DR-B003,/products/orteza-ledzwiowo-krzyzowa-dr-b003,0,2,/orteza-ledzwiowo-krzyzowa-z-szelkami-dr-b003-43161-id-7187|/orteza-ledzwiowo-krzyzowa-z-szelkami-dr-b003-id-7187,BLOCKED_NO_ACTIVE_VARIANTS,BLOCKED_NO_ACTIVE_VARIANTS,HOLD,Exact parent SKU identity is insufficient for redirect activation while the target has zero active variants.
7189,WYSOKA ORTEZA LĘDŹWIOWO – KRZYŻOWA DR-B033,DR-B033,12771,Wysoka orteza lędźwiowa DR-B033,DR-B033,/products/wysoka-orteza-ledzwiowa-dr-b033,0,2,/wysoka-orteza-ledzwiowo-krzyzowa-dr-b033-43172-id-7189|/wysoka-orteza-ledzwiowo-krzyzowa-dr-b033-id-7189,BLOCKED_NO_ACTIVE_VARIANTS,BLOCKED_NO_ACTIVE_VARIANTS,HOLD,Exact parent SKU identity is insufficient for redirect activation while the target has zero active variants.
7192,DR-A135 ORTEZA STAWU SKOKOWEGO,DR-A135,12754,UNI Orteza stawu skokowego DR-A135,DR-A135,/products/uni-orteza-stawu-skokowego-dr-a135,0,2,/dr-a135-orteza-stawu-skokowego-43183-id-7192|/dr-a135-orteza-stawu-skokowego-id-7192,BLOCKED_NO_ACTIVE_VARIANTS,BLOCKED_NO_ACTIVE_VARIANTS,HOLD,Exact parent SKU identity is insufficient for redirect activation while the target has zero active variants.
7202,TEMBLAK KOŃCZYNY GÓRNEJ DR-E027,DR-E027,12653,Temblak DR-E027,DR-E027,/products/temblak-dr-e027,0,2,/temblak-konczyny-gornej-dr-e027-43210-id-7202|/temblak-konczyny-gornej-dr-e027-id-7202,BLOCKED_NO_ACTIVE_VARIANTS,BLOCKED_NO_ACTIVE_VARIANTS,HOLD,Exact parent SKU identity is insufficient for redirect activation while the target has zero active variants.
7203,TEMBLAK KOŃCZYNY GÓRNEJ DR-E028,DR-E028,12654,Temblak DR-E028,DR-E028,/products/temblak-dr-e028,0,2,/temblak-konczyny-gornej-dr-e028-43213-id-7203|/temblak-konczyny-gornej-dr-e028-id-7203,BLOCKED_NO_ACTIVE_VARIANTS,BLOCKED_NO_ACTIVE_VARIANTS,HOLD,Exact parent SKU identity is insufficient for redirect activation while the target has zero active variants.
7220,SPORTS TAPE SM-702 tejpy,SM-702,12646,Tape SM-702,SM-702,/products/tape-sm-702,0,1,/sports-tape-sm-702-tejpy-id-7220,BLOCKED_NO_ACTIVE_VARIANTS,BLOCKED_NO_ACTIVE_VARIANTS,HOLD,Exact parent SKU identity is insufficient for redirect activation while the target has zero active variants.
7225,7640 Stabilizator stawu skokowego ze stabilizacją boczną,7640,12734,Orteza stawu skokowego 7640,7640,/products/orteza-stawu-skokowego-7640,0,2,/7640-stabilizator-stawu-skokowego-ze-stabilizacja-boczna-43271-id-7225|/7640-stabilizator-stawu-skokowego-ze-stabilizacja-boczna-id-7225,BLOCKED_NO_ACTIVE_VARIANTS,BLOCKED_NO_ACTIVE_VARIANTS,HOLD,Exact parent SKU identity is insufficient for redirect activation while the target has zero active variants.
7227,7210 Aparat na opadającą stopę,7210,12731,Aparat na opadającą stopę 7210,7210,/products/aparat-na-opadajaca-stope-7210,0,1,/7210-aparat-na-opadajaca-stope-id-7227,BLOCKED_NO_ACTIVE_VARIANTS,BLOCKED_NO_ACTIVE_VARIANTS,HOLD,Exact parent SKU identity is insufficient for redirect activation while the target has zero active variants.
7231,1741 Temblak Desault,1741,12648,Desault 1741,1741,/products/desault-1741,0,1,/1741-temblak-desault-id-7231,BLOCKED_NO_ACTIVE_VARIANTS,BLOCKED_NO_ACTIVE_VARIANTS,HOLD,Exact parent SKU identity is insufficient for redirect activation while the target has zero active variants.
7238,6150 Orteza stawu kolanowego z szynami SBR,6150,12659,Orteza stawu kolanowego 6150,6150,/products/orteza-stawu-kolanowego-6150,0,2,/6150-orteza-stawu-kolanowego-z-szynami-sbr-43310-id-7238|/6150-orteza-stawu-kolanowego-z-szynami-sbr-id-7238,BLOCKED_NO_ACTIVE_VARIANTS,BLOCKED_NO_ACTIVE_VARIANTS,HOLD,Exact parent SKU identity is insufficient for redirect activation while the target has zero active variants.
7240,Orthocare 7190 Aparat korekcyjny na hallux na dzień,7190,12729,Aparat korekcyjny na hallux/dzień 7190,7190,/products/aparat-korekcyjny-na-hallux-dzien-7190,0,2,/7190-aparat-korekcyjny-na-hallux-dzien-id-7240|/orthocare-7190-aparat-korekcyjny-na-hallux-na-dzien-92818-id-7240,BLOCKED_NO_ACTIVE_VARIANTS,BLOCKED_NO_ACTIVE_VARIANTS,HOLD,Exact parent SKU identity is insufficient for redirect activation while the target has zero active variants.
7243,7120 Podpiętki absorpcyjne silikonowe,7120,12749,Podpiętki silikonowe 7120,7120,/products/podpietki-silikonowe-7120,0,2,/7120-podpietki-absorpcyjne-silikonowe-43313-id-7243|/7120-podpietki-absorpcyjne-silikonowe-id-7243,BLOCKED_NO_ACTIVE_VARIANTS,BLOCKED_NO_ACTIVE_VARIANTS,HOLD,Exact parent SKU identity is insufficient for redirect activation while the target has zero active variants.
7245,7140 Silikonowe separatory międzypalcowe,7140,12752,Silikonowe separatory 7140,7140,/products/silikonowe-separatory-7140,0,2,/7140-silikonowe-separatory-miedzypalcowe-43321-id-7245|/7140-silikonowe-separatory-miedzypalcowe-id-7245,BLOCKED_NO_ACTIVE_VARIANTS,BLOCKED_NO_ACTIVE_VARIANTS,HOLD,Exact parent SKU identity is insufficient for redirect activation while the target has zero active variants.
7473,"AR-604 Orteza stopowo-goleniowa, wysoka. Walker Basic",AR-604,13224,"Orteza stopowo-goleniowa, wysoka. Walker Basic",AR-604,/products/orteza-stopowo-goleniowa-wysoka-walker-basic,5,2,/ar-604-orteza-stopowo-goleniowa-wysoka-walker-basic-44192-id-7473|/ar-604-orteza-stopowo-goleniowa-wysoka-walker-basic-id-7473,REVIEW_SEMANTIC_SUPPORT,SEMANTIC_STRONG,RECOMMEND_APPROVE_301,Unique exact parent-SKU identity with strong substantive legacy/target name agreement.
7474,"AR-603 Orteza stopowo-goleniowa, niska. Walker Basic",AR-603,13221,"Orteza stopowo-goleniowa, niska. Walker Basic",AR-603,/products/orteza-stopowo-goleniowa-niska-walker-basic,5,2,/ar-603-orteza-stopowo-goleniowa-niska-walker-basic-44195-id-7474|/ar-603-orteza-stopowo-goleniowa-niska-walker-basic-id-7474,REVIEW_SEMANTIC_SUPPORT,SEMANTIC_STRONG,RECOMMEND_APPROVE_301,Unique exact parent-SKU identity with strong substantive legacy/target name agreement.
7475,"AR-602 Orteza stopowo-goleniowa, wysoka. Walker Pro",AR-602,13226,"Orteza stopowo-goleniowa, wysoka. Walker Pro",AR-602,/products/orteza-stopowo-goleniowa-wysoka-walker-pro,5,2,/ar-602-orteza-stopowo-goleniowa-wysoka-walker-pro-44202-id-7475|/ar-602-orteza-stopowo-goleniowa-wysoka-walker-pro-id-7475,REVIEW_SEMANTIC_SUPPORT,SEMANTIC_STRONG,RECOMMEND_APPROVE_301,Unique exact parent-SKU identity with strong substantive legacy/target name agreement.
7476,"AR-601 Orteza stopowo-goleniowa, niska. Walker Pro",AR-601,13223,"Orteza stopowo-goleniowa, niska. Walker Pro",AR-601,/products/orteza-stopowo-goleniowa-niska-walker-pro,5,2,/ar-601-orteza-stopowo-goleniowa-niska-walker-pro-44206-id-7476|/ar-601-orteza-stopowo-goleniowa-niska-walker-pro-id-7476,REVIEW_SEMANTIC_SUPPORT,SEMANTIC_STRONG,RECOMMEND_APPROVE_301,Unique exact parent-SKU identity with strong substantive legacy/target name agreement.
7477,AR-091 Poduszka przeciwodleżynowa PREVENT – kwadratowa,AR-091,13194,Poduszka przeciwodleżynowa PREVENT – kwadratowa,AR-091,/products/poduszka-przeciwodlezynowa-prevent-kwadratowa,1,1,/ar-091-poduszka-przeciwodlezynowa-prevent-kwadratowa-id-7477,REVIEW_SEMANTIC_SUPPORT,SEMANTIC_STRONG,RECOMMEND_APPROVE_301,Unique exact parent-SKU identity with strong substantive legacy/target name agreement.
7479,MFP-4535 Poduszka ortopedyczna do siedzenia EXCLUSIVE SEAT,MFP-4535,13240,Poduszka ortopedyczna do siedzenia „EXCLUSIVE SEAT”,MFP-4535,/products/poduszka-ortopedyczna-do-siedzenia-exclusive-seat,1,1,/mfp-4535-poduszka-ortopedyczna-do-siedzenia-exclusive-seat-id-7479,REVIEW_SEMANTIC_SUPPORT,SEMANTIC_STRONG,RECOMMEND_APPROVE_301,Unique exact parent-SKU identity with strong substantive legacy/target name agreement.
7480,MFP-4015 Poduszka ortopedyczna wałek „EXCLUSIVE SUPPORT”,MFP-4015,13189,Poduszka ortopedyczna wałek „EXCLUSIVE SUPPORT”,MFP-4015,/products/poduszka-ortopedyczna-walek-exclusive-support,1,1,/mfp-4015-poduszka-ortopedyczna-walek-exclusive-support-id-7480,REVIEW_SEMANTIC_SUPPORT,SEMANTIC_STRONG,RECOMMEND_APPROVE_301,Unique exact parent-SKU identity with strong substantive legacy/target name agreement.
7488,Wózek inwalidzki aluminiowy PRESTIGE AR-350,AR-350,13118,Wózek inwalidzki aluminiowy PRESTIGE,AR-350,/products/wozek-inwalidzki-aluminiowy-prestige,5,2,/wozek-inwalidzki-aluminiowy-prestige-ar-350-70859-id-7488|/wozek-inwalidzki-aluminiowy-prestige-ar-350-id-7488,REVIEW_SEMANTIC_SUPPORT,SEMANTIC_STRONG,RECOMMEND_APPROVE_301,Unique exact parent-SKU identity with strong substantive legacy/target name agreement.
7490,AR-210 Podnóżek – taboret prysznicowy,AR-210,13248,Podnóżek – taboret prysznicowy,AR-210,/products/podnozek-taboret-prysznicowy,1,1,/ar-210-podnozek-taboret-prysznicowy-id-7490,REVIEW_SEMANTIC_SUPPORT,SEMANTIC_STRONG,RECOMMEND_APPROVE_301,Unique exact parent-SKU identity with strong substantive legacy/target name agreement.
7500,"Poliestrowa pończocha podgipsowa 3M Stockinet w rolce 2,5cm",MS01,13198,do MS06 Poliestrowa pończocha podgipsowa 3M Stockinet w rolce,MS01,/products/poliestrowa-ponczocha-podgipsowa-3m-stockinet-w-rolce,5,1,/poliestrowa-ponczocha-podgipsowa-3m-stockinet-w-rolce-25cm-id-7500,REVIEW_SEMANTIC_SUPPORT,SEMANTIC_STRONG,RECOMMEND_APPROVE_301,Unique exact parent-SKU identity with strong substantive legacy/target name agreement.
7535,DR PC107-1 But na gips,DR-PC107-1,12732,But na gips DR-PC107-1,DR-PC107-1,/products/but-na-gips-dr-pc107-1,0,2,/dr-pc107-1-but-na-gips-44240-id-7535|/dr-pc107-1-but-na-gips-id-7535,BLOCKED_NO_ACTIVE_VARIANTS,BLOCKED_NO_ACTIVE_VARIANTS,HOLD,Exact parent SKU identity is insufficient for redirect activation while the target has zero active variants.
7571,K-09 Stabilizator stawu kolanowego ze stabilizacją rzepki,K-09,9503,Wkładki żelowe Podpiętki na ostrogi,K-09,/products/wkladki-zelowe-podpietki-na-ostrogi,7,1,/k-09-stabilizator-stawu-kolanowego-ze-stabilizacja-rzepki-id-7571,REVIEW_NAME_DIVERGENCE,IDENTIFIER_NAME_COLLISION,HOLD,"Although the external parent SKU matches, the legacy and target product identities are materially different; treat as identifier/data collision pending correction."
7572,K-10 Długi stabilizator stawu kolanowego z szynami dwuosiowymi,K-10,9629,Wkładki Ortopedyczne Na Płaskostopie,K-10,/products/wkladki-ortopedyczne-na-plaskostopie,7,2,/k-10-dlugi-stabilizator-stawu-kolanowego-z-szynami-dwuosiowymi-44406-id-7572|/k-10-dlugi-stabilizator-stawu-kolanowego-z-szynami-dwuosiowymi-id-7572,REVIEW_NAME_DIVERGENCE,IDENTIFIER_NAME_COLLISION,HOLD,"Although the external parent SKU matches, the legacy and target product identities are materially different; treat as identifier/data collision pending correction."
7574,K-11 Długi stabilizator stawu kolanowego z szynami,K-11,9502,Pediatryczne Wkładki Ortopedyczne Na Płaskostopie,K-11,/products/pediatryczne-wkladki-ortopedyczne-na-plaskostopie,3,2,/k-11-dlugi-stabilizator-stawu-kolanowego-z-szynami-44416-id-7574|/k-11-dlugi-stabilizator-stawu-kolanowego-z-szynami-id-7574,REVIEW_NAME_DIVERGENCE,IDENTIFIER_NAME_COLLISION,HOLD,"Although the external parent SKU matches, the legacy and target product identities are materially different; treat as identifier/data collision pending correction."
7585,L-01 Stabilizator łokcia,L-01,9408,Pas Lędzwiowo-Krzyżowy Gorset Ortopedyczny,L-01,/products/pas-ledzwiowo-krzyzowy,7,2,/l-01-stabilizator-lokcia-44474-id-7585|/l-01-stabilizator-lokcia-id-7585,REVIEW_NAME_DIVERGENCE,IDENTIFIER_NAME_COLLISION,HOLD,"Although the external parent SKU matches, the legacy and target product identities are materially different; treat as identifier/data collision pending correction."
7586,L-03 Stabilizator łokcia uniwersalny,L-03,9429,Pas Brzuszny Pooperacyjny Wyszczuplający,L-03,/products/pas-brzuszny-pooperacyjny-wyszczuplajacy,7,1,/l-03-stabilizator-lokcia-uniwersalny-id-7586,REVIEW_NAME_DIVERGENCE,IDENTIFIER_NAME_COLLISION,HOLD,"Although the external parent SKU matches, the legacy and target product identities are materially different; treat as identifier/data collision pending correction."
7588,C-01 Stabilizator łydki,C-01,9522,Temblak Ręki Orteza Gips Ochraniacz,C-01,/products/temblak-reki,7,2,/c-01-stabilizator-lydki-44480-id-7588|/c-01-stabilizator-lydki-id-7588,REVIEW_NAME_DIVERGENCE,IDENTIFIER_NAME_COLLISION,HOLD,"Although the external parent SKU matches, the legacy and target product identities are materially different; treat as identifier/data collision pending correction."
7614,B-02 Stabilizator stawu barkowego,B-02,9598,Kołnierz Ortopedyczny Miękki Wentylowany,B-02,/products/kolnierz-ortopedyczny-orteza-wentylowany,6,2,/b-02-stabilizator-stawu-barkowego-44605-id-7614|/b-02-stabilizator-stawu-barkowego-id-7614,REVIEW_NAME_DIVERGENCE,IDENTIFIER_NAME_COLLISION,HOLD,"Although the external parent SKU matches, the legacy and target product identities are materially different; treat as identifier/data collision pending correction."
7615,B-03 Kamizelka stawu barkowego,B-03,9600,Kołnierz Ortopedyczny Szyjny Sztywny Z Regulacją,B-03,/products/kolnierz-ortopedyczny-szyjny-z-regulacja,7,2,/b-03-kamizelka-stawu-barkowego-44611-id-7615|/b-03-kamizelka-stawu-barkowego-id-7615,REVIEW_NAME_DIVERGENCE,IDENTIFIER_NAME_COLLISION,HOLD,"Although the external parent SKU matches, the legacy and target product identities are materially different; treat as identifier/data collision pending correction."
8089,DORSOFIT Korektor postawy,630,12106,Klin na haluks z pierścieniem (M) i (L) SmartGel Vaya Medical 1 sztuka,630,/products/klin-na-haluks-z-pierscieniem-m-i-l-smartgel-vaya-medical-1-sztuka,2,2,/dorsofit-korektor-postawy-47602-id-8089|/dorsofit-korektor-postawy-id-8089,REVIEW_NAME_DIVERGENCE,IDENTIFIER_NAME_COLLISION,HOLD,"Although the external parent SKU matches, the legacy and target product identities are materially different; treat as identifier/data collision pending correction."
8348,Obuwie medyczne Scholl NAUTILUS,NAUTILUS,266,Nautilus Scholl,nautilus,/products/nautilus,3,2,/obuwie-medyczne-scholl-nautilus-48629-id-8348|/obuwie-medyczne-scholl-nautilus-id-8348,REVIEW_SEMANTIC_SUPPORT,SEMANTIC_MODERATE,RECOMMEND_APPROVE_301,Unique exact parent-SKU identity with moderate semantic/model-name support; manually reviewed as the same product identity.
9258,AR-403 Wózek inwalidzki stalowy ELEGANT,AR-403,13120,Wózek inwalidzki stalowy ELEGANT,AR-403,/products/wozek-inwalidzki-stalowy-elegant,5,2,/ar-403-wozek-inwalidzki-stalowy-elegant-70889-id-9258|/ar-403-wozek-inwalidzki-stalowy-elegant-id-9258,REVIEW_SEMANTIC_SUPPORT,SEMANTIC_STRONG,RECOMMEND_APPROVE_301,Unique exact parent-SKU identity with strong substantive legacy/target name agreement.
9512,B-10671 Stabilizator palca,B-10671,12709,Stabilizator palca B-10671,B-10671,/products/stabilizator-palca-b-10671,0,1,/b-10671-stabilizator-palca-id-9512,BLOCKED_NO_ACTIVE_VARIANTS,BLOCKED_NO_ACTIVE_VARIANTS,HOLD,Exact parent SKU identity is insufficient for redirect activation while the target has zero active variants.
9513,B-111 Stabilizator palca,B-111,12711,Stabilizator palca B-111,B-111,/products/stabilizator-palca-b-111,0,2,/b-111-stabilizator-palca-60802-id-9513|/b-111-stabilizator-palca-id-9513,BLOCKED_NO_ACTIVE_VARIANTS,BLOCKED_NO_ACTIVE_VARIANTS,HOLD,Exact parent SKU identity is insufficient for redirect activation while the target has zero active variants.
9514,B-109 Stabilizator palca,B-109,12710,Stabilizator palca B-109,B-109,/products/stabilizator-palca-b-109,0,2,/b-109-stabilizator-palca-60803-id-9514|/b-109-stabilizator-palca-id-9514,BLOCKED_NO_ACTIVE_VARIANTS,BLOCKED_NO_ACTIVE_VARIANTS,HOLD,Exact parent SKU identity is insufficient for redirect activation while the target has zero active variants.
9515,B-1070 Aparat Stacka,B-1070,12708,Aparat Stacka B-1070,B-1070,/products/aparat-stacka-b-1070,0,2,/b-1070--aparat-stacka-60812-id-9515|/b-1070--aparat-stacka-id-9515,BLOCKED_NO_ACTIVE_VARIANTS,BLOCKED_NO_ACTIVE_VARIANTS,HOLD,Exact parent SKU identity is insufficient for redirect activation while the target has zero active variants.
9518,DR.MED DR-A001 Aparat korekcyjny na hallux,DR-A001,12728,Aparat korekcyjny na hallux DR-A001,DR-A001,/products/aparat-korekcyjny-na-hallux-dr-a001,0,3,/dr-a001-aparat-korekcyjny-na-hallux-id-9518|/drmed-dr-a001-aparat-korekcyjny-na-hallux-87017-id-9518|/drmed-dr-a001-aparat-korekcyjny-na-hallux-id-9518,BLOCKED_NO_ACTIVE_VARIANTS,BLOCKED_NO_ACTIVE_VARIANTS,HOLD,Exact parent SKU identity is insufficient for redirect activation while the target has zero active variants.
9519,DR-A100 Orteza stawu skokowego typu Walker,DR-A100,12747,Orteza stawu skokowego typu Walker DR-A100,DR-A100,/products/orteza-stawu-skokowego-typu-walker-dr-a100,0,2,/dr-a100-orteza-stawu-skokowego-typu-walker-60820-id-9519|/dr-a100-orteza-stawu-skokowego-typu-walker-id-9519,BLOCKED_NO_ACTIVE_VARIANTS,BLOCKED_NO_ACTIVE_VARIANTS,HOLD,Exact parent SKU identity is insufficient for redirect activation while the target has zero active variants.
9520,DR-A101 Orteza stawu skokowego typu Walker,DR-A101,12748,Orteza stawu skokowego typu Walker DR-A101,DR-A101,/products/orteza-stawu-skokowego-typu-walker-dr-a101,0,2,/dr-a101-orteza-stawu-skokowego-typu-walker-60822-id-9520|/dr-a101-orteza-stawu-skokowego-typu-walker-id-9520,BLOCKED_NO_ACTIVE_VARIANTS,BLOCKED_NO_ACTIVE_VARIANTS,HOLD,Exact parent SKU identity is insufficient for redirect activation while the target has zero active variants.
9521,DR-PC107 But na gips,DR-PC107,12733,But na gips DR-PC107,DR-PC107,/products/but-na-gips-dr-pc107,0,2,/dr-pc107-but-na-gips-60825-id-9521|/dr-pc107-but-na-gips-id-9521,BLOCKED_NO_ACTIVE_VARIANTS,BLOCKED_NO_ACTIVE_VARIANTS,HOLD,Exact parent SKU identity is insufficient for redirect activation while the target has zero active variants.
9523,DR-A014 Podpiętki silikonowe,DR-A014,12750,Podpiętki silikonowe DR-A014,DR-A014,/products/podpietki-silikonowe-dr-a014,0,1,/dr-a014-podpietki-silikonowe-id-9523,BLOCKED_NO_ACTIVE_VARIANTS,BLOCKED_NO_ACTIVE_VARIANTS,HOLD,Exact parent SKU identity is insufficient for redirect activation while the target has zero active variants.
9525,DR-A202 Wkładki żelowe,DR-A202,12757,Wkładki żelowe DR-A202,DR-A202,/products/wkladki-zelowe-dr-a202,0,2,/dr-a202-wkladki-zelowe-60831-id-9525|/dr-a202-wkladki-zelowe-id-9525,BLOCKED_NO_ACTIVE_VARIANTS,BLOCKED_NO_ACTIVE_VARIANTS,HOLD,Exact parent SKU identity is insufficient for redirect activation while the target has zero active variants.
9527,DR-K019 Orteza stawu kolanowego,DR-K019,12666,Orteza stawu kolanowego DR-K019,DR-K019,/products/orteza-stawu-kolanowego-dr-k019,0,2,/dr-k019-orteza-stawu-kolanowego-60835-id-9527|/dr-k019-orteza-stawu-kolanowego-id-9527,BLOCKED_NO_ACTIVE_VARIANTS,BLOCKED_NO_ACTIVE_VARIANTS,HOLD,Exact parent SKU identity is insufficient for redirect activation while the target has zero active variants.
9528,DR-B035 Orteza lędźwiowo-krzyżowa,DR-B035,12772,Wysoka orteza lędźwiowa DR-B035,DR-B035,/products/wysoka-orteza-ledzwiowa-dr-b035,0,2,/dr-b035-orteza-ledzwiowo-krzyzowa-60840-id-9528|/dr-b035-orteza-ledzwiowo-krzyzowa-id-9528,BLOCKED_NO_ACTIVE_VARIANTS,BLOCKED_NO_ACTIVE_VARIANTS,HOLD,Exact parent SKU identity is insufficient for redirect activation while the target has zero active variants.
9529,DR-B047 Orteza lędźwiowo-krzyżowa,DR-B047,12763,Orteza lędźwiowo – krzyżowa DR-B047,DR-B047,/products/orteza-ledzwiowo-krzyzowa-dr-b047,0,2,/dr-b047-orteza-ledzwiowo-krzyzowa-60847-id-9529|/dr-b047-orteza-ledzwiowo-krzyzowa-id-9529,BLOCKED_NO_ACTIVE_VARIANTS,BLOCKED_NO_ACTIVE_VARIANTS,HOLD,Exact parent SKU identity is insufficient for redirect activation while the target has zero active variants.
9530,DR-B023 Orteza lędźwiowo-krzyżowa,DR-B023,12761,Orteza lędźwiowo - krzyżowa DR-B023,DR-B023,/products/orteza-ledzwiowo-krzyzowa-dr-b023,0,2,/dr-b023-orteza-ledzwiowo-krzyzowa-60848-id-9530|/dr-b023-orteza-ledzwiowo-krzyzowa-id-9530,BLOCKED_NO_ACTIVE_VARIANTS,BLOCKED_NO_ACTIVE_VARIANTS,HOLD,Exact parent SKU identity is insufficient for redirect activation while the target has zero active variants.
9531,DR.MED DR-B011-1 Korektor postawy,DR-B011-1,12649,Korektor postawy DR-B011-1,DR-B011-1,/products/korektor-postawy-dr-b011-1,0,3,/dr-b011-1-korektor-postawy-id-9531|/drmed-dr-b011-1-korektor-postawy-60853-id-9531|/drmed-dr-b011-1-korektor-postawy-id-9531,BLOCKED_NO_ACTIVE_VARIANTS,BLOCKED_NO_ACTIVE_VARIANTS,HOLD,Exact parent SKU identity is insufficient for redirect activation while the target has zero active variants.
9533,DR-A010 Orteza stawu skokowego,DR-A010,12739,Orteza stawu skokowego DR-A010,DR-A010,/products/orteza-stawu-skokowego-dr-a010,0,2,/dr-a010-orteza-stawu-skokowego-60865-id-9533|/dr-a010-orteza-stawu-skokowego-id-9533,BLOCKED_NO_ACTIVE_VARIANTS,BLOCKED_NO_ACTIVE_VARIANTS,HOLD,Exact parent SKU identity is insufficient for redirect activation while the target has zero active variants.
9617,4028 AMELIA biustonosz,AMELIA,10864,Biustonosz AMELIA 4028,AMELIA,/products/biustonosz-amelia-4028,1,2,/4028-amelia-biustonosz-61140-id-9617|/4028-amelia-biustonosz-id-9617,REVIEW_SEMANTIC_SUPPORT,SEMANTIC_MODERATE,RECOMMEND_APPROVE_301,Unique exact parent-SKU identity with moderate semantic/model-name support; manually reviewed as the same product identity.
10091,Poduszka ortopedyczna Morfeusz (CPAP) do terapii bezdechu senngo,665,10755,Poduszka ortopedyczna Morfeusz do Bezdechu,665,/products/poduszka-ortopedyczna-morfeusz-do-terapii-bezdechu,0,1,/poduszka-ortopedyczna-morfeusz-cpap-do-terapii-bezdechu-senngo-id-10091,BLOCKED_NO_ACTIVE_VARIANTS,BLOCKED_NO_ACTIVE_VARIANTS,HOLD,Exact parent SKU identity is insufficient for redirect activation while the target has zero active variants.
10324,AR-092 Poduszka przeciwodleżynowa PREVENT – kwadratowa II,AR-092,13195,Poduszka przeciwodleżynowa PREVENT – kwadratowa II,AR-092,/products/poduszka-przeciwodlezynowa-prevent-kwadratowa-ii,1,1,/ar-092-poduszka-przeciwodlezynowa-prevent-kwadratowa-ii-id-10324,REVIEW_SEMANTIC_SUPPORT,SEMANTIC_STRONG,RECOMMEND_APPROVE_301,Unique exact parent-SKU identity with strong substantive legacy/target name agreement.
10327,AR-093 Poduszka przeciwodleżynowa – pneumatyczna PREVENT CLASSIC,AR-093,13191,Poduszka przeciwodleżynowa – pneumatyczna. PREVENT CLASSIC,AR-093,/products/poduszka-przeciwodlezynowa-pneumatyczna-prevent-classic,1,1,/ar-093-poduszka-przeciwodlezynowa-pneumatyczna-prevent-classic-id-10327,REVIEW_SEMANTIC_SUPPORT,SEMANTIC_STRONG,RECOMMEND_APPROVE_301,Unique exact parent-SKU identity with strong substantive legacy/target name agreement.
10328,AR-094 Poduszka przeciwodleżynowa – pneumatyczna. PREVENT PLUS,AR-094,13192,Poduszka przeciwodleżynowa – pneumatyczna. PREVENT PLUS,AR-094,/products/poduszka-przeciwodlezynowa-pneumatyczna-prevent-plus,1,1,/ar-094-poduszka-przeciwodlezynowa-pneumatyczna-prevent-plus-id-10328,REVIEW_SEMANTIC_SUPPORT,SEMANTIC_STRONG,RECOMMEND_APPROVE_301,Unique exact parent-SKU identity with strong substantive legacy/target name agreement.
10329,AR-095 Poduszka przeciwodleżynowa – pneumatyczna. PREVENT PREMIUM,AR-095,13193,Poduszka przeciwodleżynowa – pneumatyczna. PREVENT PREMIUM,AR-095,/products/poduszka-przeciwodlezynowa-pneumatyczna-prevent-premium,1,1,/ar-095-poduszka-przeciwodlezynowa-pneumatyczna-prevent-premium-id-10329,REVIEW_SEMANTIC_SUPPORT,SEMANTIC_STRONG,RECOMMEND_APPROVE_301,Unique exact parent-SKU identity with strong substantive legacy/target name agreement.
10330,AR-099 Basen do mycia głowy z prysznicem. PREMIUM SET,AR-099,13093,Basen do mycia głowy z prysznicem. PREMIUM SET,AR-099,/products/basen-do-mycia-glowy-z-prysznicem-premium-set,1,1,/ar-099-basen-do-mycia-glowy-z-prysznicem-premium-set-id-10330,REVIEW_SEMANTIC_SUPPORT,SEMANTIC_STRONG,RECOMMEND_APPROVE_301,Unique exact parent-SKU identity with strong substantive legacy/target name agreement.
10417,AR-320 Wózek inwalidzki aluminiowy PERFECT,AR-320,13117,Wózek inwalidzki aluminiowy PERFECT,AR-320,/products/wozek-inwalidzki-aluminiowy-perfect,5,2,/ar-320-wozek-inwalidzki-aluminiowy-perfect-70438-id-10417|/ar-320-wozek-inwalidzki-aluminiowy-perfect-id-10417,REVIEW_SEMANTIC_SUPPORT,SEMANTIC_STRONG,RECOMMEND_APPROVE_301,Unique exact parent-SKU identity with strong substantive legacy/target name agreement.
10618,Klapki medyczne WEEKEND GENERAL COMFORT białe,WEEKEND,248,Weekend Scholl,weekend,/products/weekend,4,2,/klapki-medyczne-weekend-general-comfort-biale-71017-id-10618|/klapki-medyczne-weekend-general-comfort-biale-id-10618,REVIEW_NAME_DIVERGENCE,MANUAL_SAME_PRODUCT_NAME_VARIANT,RECOMMEND_APPROVE_301,Exact unique parent-SKU identity plus manual name review confirms the same named model/product.
12890,Tynor Kołnierz ortopedyczny miękki Schantza B07,B-07,9602,Kołnierz Szyjny Ortopedyczny Typu Schantza,B-07,/products/kolnierz-szyjny-ortopedyczny,7,3,/kolnierz-ortopedyczny-miekki-b07-id-12890|/tynor-kolnierz-ortopedyczny-miekki-schantza-b07-83130-id-12890|/tynor-kolnierz-ortopedyczny-miekki-schantza-b07-id-12890,REVIEW_SEMANTIC_SUPPORT,SEMANTIC_STRONG,RECOMMEND_APPROVE_301,Unique exact parent-SKU identity with strong substantive legacy/target name agreement.
12897,Tynor Temblak Miękki C-21,C-21,9521,Temblak Medyczny Przewiewny,C-21,/products/temblak-medyczny,7,3,/temblak-c21-id-12897|/tynor-temblak-miekki-c-21-83400-id-12897|/tynor-temblak-miekki-c-21-id-12897,REVIEW_SEMANTIC_SUPPORT,SEMANTIC_WEAK,RECOMMEND_APPROVE_301,Unique exact parent-SKU identity with weak lexical overlap; manually reviewed as the same product/model rather than an identifier collision.
12916,TYNOR Stabilizator Barku J-14,J-14,9570,Stabilzator Barku Orteza Stawu Barkowego,J-14,/products/stabilizator-stawu-barkowego,2,3,/stabilizator-barku-j14-id-12916|/tynor-stabilizator-barku-j-14-83406-id-12916|/tynor-stabilizator-barku-j-14-id-12916,REVIEW_SEMANTIC_SUPPORT,SEMANTIC_WEAK,RECOMMEND_APPROVE_301,Unique exact parent-SKU identity with weak lexical overlap; manually reviewed as the same product/model rather than an identifier collision.
12936,TYNOR A-20 PAS CIĄŻOWY PODTRZYMUJĄCY BRZUSZNY,A-20,9431,Pas Ciążowy Macierzyński Podtrzymujący Brzuszny,A-20,/products/pas-ciazowy,7,3,/ciazowa-orteza-kregoslupa-a20-id-12936|/tynor-a-20-pas-ciazowy-podtrzymujacy-brzuszny-83239-id-12936|/tynor-a-20-pas-ciazowy-podtrzymujacy-brzuszny-id-12936,REVIEW_SEMANTIC_SUPPORT,SEMANTIC_STRONG,RECOMMEND_APPROVE_301,Unique exact parent-SKU identity with strong substantive legacy/target name agreement.
12957,Orteza stawu skokowego D02,D02,9491,Pediatryczna Orteza Stawu Skokowego,D02,/products/pediatryczna-orteza-stawu-skokowego,7,2,/orteza-stawu-skokowego-d02-83305-id-12957|/orteza-stawu-skokowego-d02-id-12957,REVIEW_SEMANTIC_SUPPORT,SEMANTIC_STRONG,RECOMMEND_APPROVE_301,Unique exact parent-SKU identity with strong substantive legacy/target name agreement.
12972,TYNOR Pediatryczny Prostotrzymacz Pleców Pajączek C-05 CH,C-05,9595,Orteza Obojczyka Prostotrzymacz Ortopedyczny Pajączek,C-05,/products/orteza-obojczyka-pajaczek,7,2,/pediatryczna-orteza-obojczyka-prosto-trzymacz-plecow-pajaczek-id-12972|/tynor-pediatryczny-prostotrzymacz-plecow-pajaczek-c-05-ch-id-12972,REVIEW_SEMANTIC_SUPPORT,SEMANTIC_MODERATE,RECOMMEND_APPROVE_301,Unique exact parent-SKU identity with moderate semantic/model-name support; manually reviewed as the same product identity.
13001,Wózek inwalidzki ręczny JUDITTA,JUDITTA,9,JUDITTA wózek inwalidzki multipozycyjny komfortowy Ormesa,juditta,/products/juditta,12,2,/wozek-inwalidzki-reczny-juditta-83451-id-13001|/wozek-inwalidzki-reczny-juditta-id-13001,REVIEW_SEMANTIC_SUPPORT,SEMANTIC_MODERATE,RECOMMEND_APPROVE_301,Unique exact parent-SKU identity with moderate semantic/model-name support; manually reviewed as the same product identity.
13019,RELAXSAN Legginsy Termoaktywne Męskie Z Wełny Merino ZERO°,3000,9879,Legginsy termoaktywne męskie z wełny merino RelaxSan ZERO°,3000,/products/legginsy-termoaktywne-meskie-z-welny-merino-relaxsan-zero,6,3,/legginsy-termoaktywne-meskie-z-welny-merino-relaxsan-zero-id-13019|/relaxsan-legginsy-termoaktywne-meskie-z-welny-merino-zero-83502-id-13019|/relaxsan-legginsy-termoaktywne-meskie-z-welny-merino-zero-id-13019,REVIEW_SEMANTIC_SUPPORT,SEMANTIC_STRONG,RECOMMEND_APPROVE_301,Unique exact parent-SKU identity with strong substantive legacy/target name agreement.
13020,RELAXSAN Legginsy Termoaktywne Damskie Z Wełny Merino ZERO°,3200,9875,Legginsy termoaktywne damskie z wełny merino RelaxSan ZERO°,3200,/products/legginsy-termoaktywne-damskie-z-welny-merino-relaxsan-zero,6,3,/legginsy-termoaktywne-damskie-z-welny-merino-relaxsan-zero-id-13020|/relaxsan-legginsy-termoaktywne-damskie-z-welny-merino-zero-83506-id-13020|/relaxsan-legginsy-termoaktywne-damskie-z-welny-merino-zero-id-13020,REVIEW_SEMANTIC_SUPPORT,SEMANTIC_STRONG,RECOMMEND_APPROVE_301,Unique exact parent-SKU identity with strong substantive legacy/target name agreement.
13021,RELAXSAN Koszulka Termoaktywna Męska Z Długim Rękawem Z Wełny Merino ZERO°,3020,9878,Koszulka termoaktywna męska z długim rękawem z wełny merino RelaxSan ZERO°,3020,/products/koszulka-termoaktywna-meska-z-dlugim-rekawem-z-welny-merino-relaxsan-zero,6,3,/koszulka-termoaktywna-meska-z-dlugim-rekawem-z-welny-merino-relaxsan-zero-id-13021|/relaxsan-koszulka-termoaktywna-meska-z-dlugim-rekawem-z-welny-merino-zero-83510-id-13021|/relaxsan-koszulka-termoaktywna-meska-z-dlugim-rekawem-z-welny-merino-zero-id-13021,REVIEW_SEMANTIC_SUPPORT,SEMANTIC_STRONG,RECOMMEND_APPROVE_301,Unique exact parent-SKU identity with strong substantive legacy/target name agreement.
13022,RELAXSAN Koszulka Termoaktywna Damska Z Długim Rękawem Z Wełny Merino ZERO°,3220,9874,Koszulka termoaktywna damska z długim rękawem z wełny merino RelaxSan ZERO°,3220,/products/koszulka-termoaktywna-damska-z-dlugim-rekawem-z-welny-merino-relaxsan-zero,6,3,/koszulka-termoaktywna-damska-z-dlugim-rekawem-z-welny-merino-relaxsan-zero-id-13022|/relaxsan-koszulka-termoaktywna-damska-z-dlugim-rekawem-z-welny-merino-zero-83513-id-13022|/relaxsan-koszulka-termoaktywna-damska-z-dlugim-rekawem-z-welny-merino-zero-id-13022,REVIEW_SEMANTIC_SUPPORT,SEMANTIC_STRONG,RECOMMEND_APPROVE_301,Unique exact parent-SKU identity with strong substantive legacy/target name agreement.
13161,Klin na haluks z pierścieniem i regulacją twardości,C159-24129,12107,Klin na haluks z pierścieniem i regulacją twardości ( S/M) ( L/XL)- SmartGel,C159-24129,/products/klin-na-haluks-z-pierscieniem-i-regulacja-twardosci-sm-lxl-smartgel,2,2,/klin-na-haluks-z-pierscieniem-i-regulacja-twardosci-84493-id-13161|/klin-na-haluks-z-pierscieniem-i-regulacja-twardosci-id-13161,REVIEW_SEMANTIC_SUPPORT,SEMANTIC_STRONG,RECOMMEND_APPROVE_301,Unique exact parent-SKU identity with strong substantive legacy/target name agreement.
13163,Wkładki ortopedyczne na zapalenie rozcięgna podeszwowego Vaya Plantaro,VAYA-ORT-201,12387,Wkładki ortopedyczne na zapalenie rozcięgna podeszwowego Vaya Plantaro 1 para,VAYA-ORT-201,/products/wkladki-ortopedyczne-na-zapalenie-rozciegna-podeszwowego-vaya-plantaro-1-para,6,2,/wkladki-ortopedyczne-na-zapalenie-rozciegna-podeszwowego-vaya-plantaro-84497-id-13163|/wkladki-ortopedyczne-na-zapalenie-rozciegna-podeszwowego-vaya-plantaro-id-13163,REVIEW_SEMANTIC_SUPPORT,SEMANTIC_STRONG,RECOMMEND_APPROVE_301,Unique exact parent-SKU identity with strong substantive legacy/target name agreement.
13166,Klin na Haluks z opaską mocującą,C6E2-41183,12104,Klin na Haluks z opaską mocującą (M) (L) - SmartGel,C6E2-41183,/products/klin-na-haluks-z-opaska-mocujaca-m-l-smartgel,2,2,/klin-na-haluks-z-opaska-mocujaca-84501-id-13166|/klin-na-haluks-z-opaska-mocujaca-id-13166,REVIEW_SEMANTIC_SUPPORT,SEMANTIC_STRONG,RECOMMEND_APPROVE_301,Unique exact parent-SKU identity with strong substantive legacy/target name agreement.
13167,Półwkładki ortopedyczne pod ostrogi piętowe Vaya Plantico,846A-133CC,12271,Półwkładki ortopedyczne pod ostrogi piętowe Vaya Plantico 1 para,846A-133CC,/products/polwkladki-ortopedyczne-pod-ostrogi-pietowe-vaya-plantico-1-para,6,2,/polwkladki-ortopedyczne-pod-ostrogi-pietowe-vaya-plantico-84505-id-13167|/polwkladki-ortopedyczne-pod-ostrogi-pietowe-vaya-plantico-id-13167,REVIEW_SEMANTIC_SUPPORT,SEMANTIC_STRONG,RECOMMEND_APPROVE_301,Unique exact parent-SKU identity with strong substantive legacy/target name agreement.
13169,Podpiętki pod ostrogi piętowe Vaya Relaxum,VAYA-ORT-401,12054,Podpiętki wkładki ortopedyczne pod ostrogi piętowe Vaya Relaxum 1 para,VAYA-ORT-401,/products/podpietki-wkladki-ortopedyczne-pod-ostrogi-pietowe-vaya-relaxum-1-para,4,2,/podpietki-pod-ostrogi-pietowe-vaya-relaxum-84517-id-13169|/podpietki-pod-ostrogi-pietowe-vaya-relaxum-id-13169,REVIEW_SEMANTIC_SUPPORT,SEMANTIC_STRONG,RECOMMEND_APPROVE_301,Unique exact parent-SKU identity with strong substantive legacy/target name agreement.
13661,Poduszka ortopedyczna do siedzenia EXCLUSIVE SEAT,MFP-4235,13241,Poduszka ortopedyczna do siedzenia EXCLUSIVE SEAT,MFP-4235,/products/poduszka-ortopedyczna-do-siedzenia-exclusive-seat-2,1,1,/poduszka-ortopedyczna-do-siedzenia-exclusive-seat-id-13661,REVIEW_EXACT_NORMALIZED_NAME,EXACT_NAME,RECOMMEND_APPROVE_301,"Unique exact parent-SKU match, storefront-reachable active target, and normalized legacy/target names agree."
13662,MFP-4540 Poduszka ortopedyczna do siedzenia PREMIUM SEAT,MFP-4540,13242,Poduszka ortopedyczna do siedzenia PREMIUM SEAT,MFP-4540,/products/poduszka-ortopedyczna-do-siedzenia-premium-seat,1,1,/mfp-4540-poduszka-ortopedyczna-do-siedzenia-premium-seat-id-13662,REVIEW_SEMANTIC_SUPPORT,SEMANTIC_STRONG,RECOMMEND_APPROVE_301,Unique exact parent-SKU identity with strong substantive legacy/target name agreement.
13665,AR-016M Laska inwalidzka – trójnóg z miękkim uchwytem T-SOFT,AR-016M,13134,Laska inwalidzka – trójnóg z miękkim uchwytem T-SOFT,AR-016M,/products/laska-inwalidzka-trojnog-z-miekkim-uchwytem-t-soft,1,1,/ar-016m-laska-inwalidzka-trojnog-z-miekkim-uchwytem-t-soft-id-13665,REVIEW_SEMANTIC_SUPPORT,SEMANTIC_STRONG,RECOMMEND_APPROVE_301,Unique exact parent-SKU identity with strong substantive legacy/target name agreement.
