legacy_id,legacy_h1,legacy_index,target_product_id,target_product_name,target_path,target_active_variant_count,target_external_source,target_external_parent_sku,shared_semantic_token_count,shared_semantic_tokens,source_path_count,source_paths,source_statuses,decision,approved
1253,Magnetyczna poduszka przeciwodleżynowa Saturn,44/P04,9914,Magnetyczna poduszka przeciwodleżynowa Saturn,/products/magnetyczna-poduszka-przeciwodlezynowa-saturn,1,butterfly,44-P04,4,magnetyczna|poduszka|przeciwodlezynowa|saturn,1,/magnetyczna-poduszka-przeciwodlezynowa-saturn-id-1253,200,REVIEW_EXACT_NAME_ONLY,0
1254,Magnetyczny stabilizator kręgosłupa Harmonium,44/S06,9916,Magnetyczny stabilizator kręgosłupa Harmonium,/products/magnetyczny-stabilizator-kregoslupa-harmonium,4,butterfly,44-S04,4,harmonium|kregoslupa|magnetyczny|stabilizator,2,/magnetyczny-stabilizator-kregoslupa-harmonium-62829-id-1254|/magnetyczny-stabilizator-kregoslupa-harmonium-id-1254,200,REVIEW_EXACT_NAME_ONLY,0
1256,Magnetyczny stabilizator kręgosłupa Euromag,44/S09,9918,Magnetyczny stabilizator kręgosłupa Euromag,/products/magnetyczny-stabilizator-kregoslupa-euromag,3,butterfly,44-S09,4,euromag|kregoslupa|magnetyczny|stabilizator,2,/magnetyczny-stabilizator-kregoslupa-euromag-62861-id-1256|/magnetyczny-stabilizator-kregoslupa-euromag-id-1256,200,REVIEW_EXACT_NAME_ONLY,0
1259,Magnetyczny stabilizator łokcia,44/S02,9924,Magnetyczny stabilizator łokcia,/products/magnetyczny-stabilizator-lokcia,4,butterfly,44-S02,3,lokcia|magnetyczny|stabilizator,2,/magnetyczny-stabilizator-lokcia-62891-id-1259|/magnetyczny-stabilizator-lokcia-id-1259,200,REVIEW_EXACT_NAME_ONLY,0
1261,Magnetyczna opaska na kolano wciągana,44/S11,9929,Magnetyczna opaska na kolano wciągana,/products/magnetyczna-opaska-na-kolano-wciagana,4,butterfly,44-S12,4,kolano|magnetyczna|opaska|wciagana,2,/magnetyczna-opaska-na-kolano-wciagana-62902-id-1261|/magnetyczna-opaska-na-kolano-wciagana-id-1261,200,REVIEW_EXACT_NAME_ONLY,0
1264,Magnetyczne poduszki barkowe,44/K03,9934,Magnetyczne poduszki barkowe,/products/magnetyczne-poduszki-barkowe,1,butterfly,44-K03,3,barkowe|magnetyczne|poduszki,1,/magnetyczne-poduszki-barkowe-id-1264,200,REVIEW_EXACT_NAME_ONLY,0
1265,Magnetyczny kołnierz wełniany,44/K02,9935,Magnetyczny kołnierz wełniany,/products/magnetyczny-kolnierz-welniany,1,butterfly,44-K02,3,kolnierz|magnetyczny|welniany,2,/magnetyczny-kolnierz-welniany-62910-id-1265|/magnetyczny-kolnierz-welniany-id-1265,200,REVIEW_EXACT_NAME_ONLY,0
1365,Orteza kończyny dolnej AM-OSK-OL/1R-01,AM-OSK-OL/1R-01,8865,Orteza kończyny dolnej AM-OSK-OL/1R-01,/products/orteza-konczyny-dolnej-am-osk-ol-1r-01,0,reh4mat,AM-OSK-OL-1R-01,3,dolnej|konczyny|orteza,2,/orteza-konczyny-dolnej-am-osk-ol-1r-01-63022-id-1365|/orteza-konczyny-dolnej-am-osk-ol-1r-01-id-1365,200,REVIEW_EXACT_NAME_ONLY,0
2044,BODYMAP N - Poduszka korygująca ustawienie stóp,BODYMAP,9326,BodyMap® N – Poduszka korygująca ustawienie stóp,/products/bodymap-n,0,reh4mat,REH4MAT-1672,4,korygujaca|poduszka|stop|ustawienie,2,/bodymap-n-poduszka-korygujaca-ustawienie-stop-5794-id-2044|/poduszka-korygujaca-ustawienie-stop-bodymap-n-id-2044,200|301,REVIEW_EXACT_NAME_ONLY,0
2050,Magnetyczna opaska na nadgarstek rozmiar S,44/S03,9923,Magnetyczna opaska na nadgarstek rozmiar S,/products/magnetyczna-opaska-na-nadgarstek-rozmiar-s,1,butterfly,44-S03-1,4,magnetyczna|nadgarstek|opaska|rozmiar,2,/magnetyczna-opaska-na-nadgarstek-rozmiar-s-5809-id-2050|/magnetyczna-opaska-na-nadgarstek-rozmiar-s-id-2050,200,REVIEW_EXACT_NAME_ONLY,0
2054,Stabilizator stawu skokowego,44/S14,13013,Stabilizator stawu skokowego,/products/stabilizator-stawu-skokowego-sigvaris-24060,5,sigvaris,SIGVARIS-24060,3,skokowego|stabilizator|stawu,2,/stabilizator-stawu-skokowego-5819-id-2054|/stabilizator-stawu-skokowego-id-2054,200,REVIEW_EXACT_NAME_ONLY,0
2057,Magnetyczny bioaktywator wody,4600/3,9937,Magnetyczny bioaktywator wody,/products/magnetyczny-bioaktywator-wody,1,butterfly,4600-3,3,bioaktywator|magnetyczny|wody,1,/magnetyczny-bioaktywator-wody-id-2057,200,REVIEW_EXACT_NAME_ONLY,0
2058,Okulary ziołowo-magnetyczne IRMA,IRMA,9938,Okulary ziołowo-magnetyczne IRMA,/products/okulary-ziolowo-magnetyczne-irma,1,butterfly,4407,3,magnetyczne|okulary|ziolowo,2,/okulary-ziolowo-magnetyczne-irma-5826-id-2058|/okulary-ziolowo-magnetyczne-irma-id-2058,200,REVIEW_EXACT_NAME_ONLY,0
2082,Pianka do ciała myjąco-pielęgnująca Seni Care,,13503,Pianka do ciała myjąco-pielęgnująca Seni Care,/products/seni-care-pianka-do-ciala-myjaco-pielegnujaca-500-ml,1,seni24,S24-11917,6,care|ciala|myjaco|pianka|pielegnujaca|seni,1,/pianka-do-ciala-myjaco-pielegnujaca-seni-care-id-2082,200,REVIEW_EXACT_NAME_ONLY,0
2178,Rękawica ochronna SALVACEL,SVC,10241,Rękawica ochronna - SALVACEL,/products/rekawica-ochronna-salvacel,0,timago,SVC-2500-SVC2510,3,ochronna|rekawica|salvacel,2,/rekawica-ochronna-salvacel-5967-id-2178|/rekawica-ochronna-salvacel-id-2178,200,REVIEW_EXACT_NAME_ONLY,0
2368,Balkonik - AT02007,AT02007,10852,Balkonik AT02007,/products/balkonik-at02007,1,antar,AT02007,1,balkonik,1,/balkonik---at02007-id-2368,200,REVIEW_EXACT_NAME_ONLY,0
2668,Rotor kończyn górnych i dolnych,2921,289,Rotor kończyn górnych i dolnych,/products/rotor-konczyn-gornych-i-dolnych,1,mobilex,rotor-konczyn-gornych-i-dolnych,4,dolnych|gornych|konczyn|rotor,1,/rotor-konczyn-gornych-i-dolnych-id-2668,200,REVIEW_EXACT_NAME_ONLY,0
2748,Stołek inwalidzki prysznicowy trójkątny,528010,121,Stołek inwalidzki prysznicowy trójkątny,/products/stolek-inwalidzki-prysznicowy-trojkatny,2,mobilex,stolek-inwalidzki-prysznicowy-trojkatny,4,inwalidzki|prysznicowy|stolek|trojkatny,1,/stolek-inwalidzki-prysznicowy-trojkatny-id-2748,200,REVIEW_EXACT_NAME_ONLY,0
2749,Stołek kąpielowy okrągły,US-600/90º,120,Stołek kąpielowy okrągły,/products/stolek-kapielowy-okragly,1,mobilex,stolek-kapielowy-okragly,3,kapielowy|okragly|stolek,1,/stolek-kapielowy-okragly-id-2749,200,REVIEW_EXACT_NAME_ONLY,0
2752,Nasadka toaletowa bez klapy,AT51117,10047,Nasadka toaletowa bez klapy,/products/nasadka-toaletowa-king-10-20-bez-klapy,0,timago,KING-10-20,4,bez|klapy|nasadka|toaletowa,2,/nasadka-toaletowa-bez-klapy-7153-id-2752|/nasadka-toaletowa-bez-klapy-id-2752,200,REVIEW_EXACT_NAME_ONLY,0
2777,Balkonik inwalidzki kroczący,V0504026,84,Balkonik inwalidzki kroczący,/products/balkonik-inwalidzki-kroczacy,1,mobilex,balkonik-inwalidzki-kroczacy,3,balkonik|inwalidzki|kroczacy,1,/balkonik-inwalidzki-kroczacy-id-2777,200,REVIEW_EXACT_NAME_ONLY,0
2779,Balkonik inwalidzki dwukołowy z kulką,AT02007,85,Balkonik inwalidzki dwukołowy z kulką,/products/balkonik-inwalidzki-dwukolowy-z-kulka,1,mobilex,balkonik-inwalidzki-dwukolowy-z-kulka,4,balkonik|dwukolowy|inwalidzki|kulka,1,/balkonik-inwalidzki-dwukolowy-z-kulka-id-2779,200,REVIEW_EXACT_NAME_ONLY,0
2780,Schodołaz gąsienicowy LG 2004,LG,59,Schodołaz gąsienicowy LG 2004,/products/lg-2004,2,mobilex,lg-2004,2,gasienicowy|schodolaz,2,/schodolaz-gasienicowy-lg-2004-7200-id-2780|/schodolaz-gasienicowy-lg-2004-id-2780,200,REVIEW_EXACT_NAME_ONLY,0
2781,Schodołaz gąsienicowy LG 2004 BASIC,LG,57,Schodołaz gąsienicowy LG 2004 BASIC,/products/lg-2004-basic-w-kolorze-bialym-lub-czerwonym,2,mobilex,lg-2004-basic-w-kolorze-bialym-lub-czerwonym,3,basic|gasienicowy|schodolaz,2,/schodolaz-gasienicowy-lg-2004-basic-83454-id-2781|/schodolaz-gasienicowy-lg-2004-basic-id-2781,200,REVIEW_EXACT_NAME_ONLY,0
3098,ORTEZA KOŃCZYNY DOLNEJ AM-KDS-AM/2R,AM-KDS-AM/2R,8831,Orteza kończyny dolnej AM-KDS-AM/2R,/products/aparat-modulowy-konczyny-dolnej-z-szynami-2r-i-strzemieniem-do-buta-am-kds-am2r,0,reh4mat,AM-KDS-AM-2R,3,dolnej|konczyny|orteza,2,/orteza-konczyny-dolnej-am-kds-am-2r-8092-id-3098|/orteza-konczyny-dolnej-am-kds-am-2r-id-3098,200,REVIEW_EXACT_NAME_ONLY,0
3300,Kula łokciowa - SAFE WALK,SAFE,10990,Kula łokciowa SAFE WALK,/products/kula-lokciowa-safewalk,1,antar,SAFE-WALK,3,kula|lokciowa|walk,2,/kula-lokciowa-safe-walk-8742-id-3300|/kula-lokciowa-safe-walk-id-3300,200,REVIEW_EXACT_NAME_ONLY,0
3301,Kula łokciowa - COMFORT,COMFORT,10986,Kula łokciowa comfort,/products/kula-lokciowa-comfort,1,antar,COMFORT,2,kula|lokciowa,2,/kula-lokciowa-comfort-8748-id-3301|/kula-lokciowa-comfort-id-3301,200,REVIEW_EXACT_NAME_ONLY,0
3302,Kula łokciowa - OPTI-COMFORT,OPTI-COMFORT,10989,Kula łokciowa OPTI-COMFORT,/products/kula-lokciowa-opti-comfort,1,antar,OPTI-COMFORT,2,kula|lokciowa,2,/kula-lokciowa-opti-comfort-8752-id-3302|/kula-lokciowa-opti-comfort-id-3302,200,REVIEW_EXACT_NAME_ONLY,0
3304,Kula łokciowa ERGODYNAMIC,ERGODYNAMIC,10987,Kula łokciowa ERGODYNAMIC,/products/kula-lokciowa-ergodynamic,1,antar,ERGODYNAMIC,2,kula|lokciowa,2,/kula-lokciowa-ergodynamic-8763-id-3304|/kula-lokciowa-ergodynamic-id-3304,200,REVIEW_EXACT_NAME_ONLY,0
3543,Walker FX Pro - długi,FX,13348,Walker FX Pro - długi,/products/walker-fx-pro-dlugi,3,iconic,ICO-WALKER-FX-PRO-DLUGI,3,dlugi|pro|walker,2,/walker-fx-pro-dlugi-9127-id-3543|/walker-fx-pro-dlugi-id-3543,200,REVIEW_EXACT_NAME_ONLY,0
3544,Walker FX Pro - krótki,FX,13351,Walker FX Pro - krótki,/products/walker-fx-pro-krotki,2,iconic,ICO-WALKER-FX-PRO-KROTKI,3,krotki|pro|walker,2,/walker-fx-pro-krotki-9135-id-3544|/walker-fx-pro-krotki-id-3544,200,REVIEW_EXACT_NAME_ONLY,0
3550,Body Armor Night Splint DARCO,Body,13491,Body Armor Night Splint DARCO,/products/body-armor-night-splint,1,iconic,ICO-BODY-ARMOR-NIGHT-SPLINT,4,armor|darco|night|splint,2,/body-armor-night-splint-darco-9159-id-3550|/body-armor-night-splint-darco-id-3550,200,REVIEW_EXACT_NAME_ONLY,0
4902,Orteza stawu kolanowego AS-SK/F,AS-SK/F,8924,Orteza stawu kolanowego AS-SK/F,/products/anatomiczna-orteza-stawu-kolanowego-z-fiszbinami-ortopedycznymi-as-skf,0,reh4mat,AS-SK-F,3,kolanowego|orteza|stawu,2,/orteza-stawu-kolanowego-as-sk-f-27510-id-4902|/orteza-stawu-kolanowego-as-sk-f-id-4902,200,REVIEW_EXACT_NAME_ONLY,0
4903,Orteza kończyny dolnej COMPLEX/2R,COMPLEX/2R,8834,Orteza kończyny dolnej COMPLEX/2R,/products/complex,0,reh4mat,COMPLEX-2R,3,dolnej|konczyny|orteza,1,/orteza-konczyny-dolnej-complex-2r-id-4903,200,REVIEW_EXACT_NAME_ONLY,0
4919,Orteza kończyny dolnej OKD-10,OKD-10,8836,Orteza kończyny dolnej OKD-10,/products/orteza-konczyny-dolnej-okd-10,0,reh4mat,OKD-10,3,dolnej|konczyny|orteza,2,/orteza-konczyny-dolnej-okd-10-27564-id-4919|/orteza-konczyny-dolnej-okd-10-id-4919,200,REVIEW_EXACT_NAME_ONLY,0
4921,Orteza kończyny dolnej OKD-14,OKD-14,8838,Orteza kończyny dolnej OKD-14,/products/orteza-konczyny-dolnej-okd-14,0,reh4mat,OKD-14,3,dolnej|konczyny|orteza,2,/orteza-konczyny-dolnej-okd-14-27568-id-4921|/orteza-konczyny-dolnej-okd-14-id-4921,200,REVIEW_EXACT_NAME_ONLY,0
4939,Orteza kończyny dolnej AS-SK/A,AS-SK/A,8874,Orteza kończyny dolnej AS-SK/A,/products/anatomiczna-orteza-stawu-kolanowego-z-szynami-elastycznymi-i-wzmocnieniem-acl-as-ska,0,reh4mat,AS-SK-A,3,dolnej|konczyny|orteza,2,/orteza-konczyny-dolnej-as-ska-27605-id-4939|/orteza-konczyny-dolnej-as-ska-id-4939,200,REVIEW_EXACT_NAME_ONLY,0
4942,Orteza kolana AS-P/RZ,AS-P/RZ,8940,Orteza kolana AS-P/RZ,/products/orteza-kolana-as-p-rz,0,reh4mat,AS-P-RZ,2,kolana|orteza,1,/orteza-kolana-as-p-rz-id-4942,200,REVIEW_EXACT_NAME_ONLY,0
5430,Orteza kończyny dolnej OKD-14 DUAL,OKD-14,8839,Orteza kończyny dolnej OKD-14 DUAL,/products/orteza-konczyny-dolnej-okd-14-dual,0,reh4mat,OKD-14-DUAL,4,dolnej|dual|konczyny|orteza,2,/orteza-konczyny-dolnej-okd-14-dual-28627-id-5430|/orteza-konczyny-dolnej-okd-14-dual-id-5430,200,REVIEW_EXACT_NAME_ONLY,0
5439,DODATKOWE USZTYWNIENIE PALCA DO ORTEZY AM-D-03,USZTYWNIENIE,9044,Dodatkowe usztywnienie palca do ortezy AM-D-03,/products/dodatkowe-usztywnienie-palca-do-ortezy-am-d-03,0,reh4mat,AM-D-03,3,dodatkowe|ortezy|palca,1,/dodatkowe-usztywnienie-palca-do-ortezy-am-d-03-id-5439,200,REVIEW_EXACT_NAME_ONLY,0
6365,Orteza tułowia AM-PES-06 BEŻ,AM-PES-06,9157,Orteza tułowia AM-PES-06 BEŻ,/products/orteza-tulowia-am-pes-06-3,0,reh4mat,AM-PES-06,3,bez|orteza|tulowia,2,/orteza-tulowia-am-pes-06-bez-37640-id-6365|/orteza-tulowia-am-pes-06-bez-id-6365,200,REVIEW_EXACT_NAME_ONLY,0
6366,Orteza tułowia AM-PES-06 Czarny melanż,AM-PES-06,9156,Orteza tułowia AM-PES-06 CZARNY MELANŻ,/products/orteza-tulowia-am-pes-06-2,0,reh4mat,AM-PES-06,4,czarny|melanz|orteza|tulowia,2,/orteza-tulowia-am-pes-06-czarny-melanz-37643-id-6366|/orteza-tulowia-am-pes-06-czarny-melanz-id-6366,200,REVIEW_EXACT_NAME_ONLY,0
6367,Orteza tułowia AM-PES-06 SZARY,AM-PES-06,9155,Orteza tułowia AM-PES-06 SZARY,/products/orteza-tulowia-am-pes-06,0,reh4mat,AM-PES-06,3,orteza|szary|tulowia,2,/orteza-tulowia-am-pes-06-szary-37650-id-6367|/orteza-tulowia-am-pes-06-szary-id-6367,200,REVIEW_EXACT_NAME_ONLY,0
6626,"Poduszka ortopedyczna ""półwałek"" ""EXCLUSIVE SUPPORT""",MFP-4220,13245,Poduszka ortopedyczna półwałek „EXCLUSIVE SUPPORT”,/products/poduszka-ortopedyczna-polwalek-exclusive-support,1,armedical,MFP-4220,5,exclusive|ortopedyczna|poduszka|polwalek|support,1,/poduszka-ortopedyczna-polwalek-exclusive-support-id-6626,200,REVIEW_EXACT_NAME_ONLY,0
6629,Dynamiczna poduszka do siedzenia DYNAPAD BALANCE,DSC-37,13094,Dynamiczna poduszka do siedzenia „DYNAPAD BALANCE”,/products/dynamiczna-poduszka-do-siedzenia-dynapad-balance,1,armedical,DSC-37,5,balance|dynamiczna|dynapad|poduszka|siedzenia,1,/dynamiczna-poduszka-do-siedzenia-dynapad-balance-id-6629,200,REVIEW_EXACT_NAME_ONLY,0
6634,Piłka rehabilitacyjna ABS,ABS,10652,Piłka rehabilitacyjna ABS,/products/pilka-rehabilitacyjna-abs-45cm,0,rehafund,HTTPS-SKLEP.REHAFUND.PL-PILKA-REHABILITACYJNA-ABS-45CM-3-283-4,2,pilka|rehabilitacyjna,2,/pilka-rehabilitacyjna-abs-66357-id-6634|/pilka-rehabilitacyjna-abs-id-6634,200,REVIEW_EXACT_NAME_ONLY,0
6651,Laska inwalidzka aluminiowa - składana,AR-015,13137,Laska inwalidzka aluminiowa – składana,/products/laska-inwalidzka-aluminiowa-skladana-armedical-723f6ffac3,1,armedical,AR-015,4,aluminiowa|inwalidzka|laska|skladana,2,/laska-inwalidzka-aluminiowa-skladana-70782-id-6651|/laska-inwalidzka-aluminiowa-skladana-id-6651,200,REVIEW_EXACT_NAME_ONLY,0
6662,"Balkonik aluminiowy – składany, 3-funkcyjny",AR-008,13085,"Balkonik aluminiowy – składany, 3-funkcyjny",/products/balkonik-aluminiowy-skladany-3-funkcyjny,1,armedical,AR-008,4,aluminiowy|balkonik|funkcyjny|skladany,2,/balkonik-aluminiowy-skladany-3-funkcyjny-70771-id-6662|/balkonik-aluminiowy-skladany-3-funkcyjny-id-6662,200,REVIEW_EXACT_NAME_ONLY,0
6665,Podpórka rehabilitacyjna dwukołowa. DELUXE,AR-021,13235,Podpórka rehabilitacyjna dwukołowa. DELUXE,/products/podporka-rehabilitacyjna-dwukolowa-deluxe,1,armedical,AR-021,4,deluxe|dwukolowa|podporka|rehabilitacyjna,1,/podporka-rehabilitacyjna-dwukolowa-deluxe-id-6665,200,REVIEW_EXACT_NAME_ONLY,0
7327,Orteza nadgarstka EB-N-01 SZARY,EB-N-01,9075,Orteza nadgarstka EB-N-01 SZARY,/products/wzmocniona-orteza-nadgarstka-profit-eb-n-01,0,reh4mat,EB-N-01,3,nadgarstka|orteza|szary,2,/orteza-nadgarstka-eb-n-01-szary-43690-id-7327|/orteza-nadgarstka-eb-n-01-szary-id-7327,200,REVIEW_EXACT_NAME_ONLY,0
7334,Orteza kończyny dolnej RAPTOR/2 SHORT,RAPTOR,8935,Orteza kończyny dolnej RAPTOR/2 SHORT,/products/orteza-konczyny-dolnej-raptor-2-short,0,reh4mat,RAPTOR-2-SHORT,4,dolnej|konczyny|orteza|short,2,/orteza-konczyny-dolnej-raptor-2-short-43715-id-7334|/orteza-konczyny-dolnej-raptor-2-short-id-7334,200,REVIEW_EXACT_NAME_ONLY,0
7368,P-SS-02 Wałek podkolanowy,P-SS-02,9341,P-SS-02 Wałek podkolanowy,/products/walek-podkolanowy-p-ss-02,0,reh4mat,P-SS-02,2,podkolanowy|walek,2,/p-ss-02-walek-podkolanowy-43765-id-7368|/p-ss-02-walek-podkolanowy-id-7368,200,REVIEW_EXACT_NAME_ONLY,0
7371,P-SS-09 Krążek przeciwodleżynowy,P-SS-09,9261,P-SS-09 Krążek przeciwodleżynowy,/products/krazek-przeciwodlezynowy-p-ss-09,0,reh4mat,P-SS-09,2,krazek|przeciwodlezynowy,2,/p-ss-09-krazek-przeciwodlezynowy-43769-id-7371|/p-ss-09-krazek-przeciwodlezynowy-id-7371,200,REVIEW_EXACT_NAME_ONLY,0
7372,P-SS-10 Klin podkolanowy,P-SS-10,9343,P-SS-10 Klin podkolanowy,/products/klin-podkolanowy-p-ss-10,0,reh4mat,P-SS-10,2,klin|podkolanowy,2,/p-ss-10-klin-podkolanowy-43772-id-7372|/p-ss-10-klin-podkolanowy-id-7372,200,REVIEW_EXACT_NAME_ONLY,0
7390,P-SS-31 Uniwersalna poduszka,P-SS-31,9270,P-SS-31 Uniwersalna poduszka,/products/uniwersalna-poduszka-p-ss-31,0,reh4mat,P-SS-31,2,poduszka|uniwersalna,2,/p-ss-31-uniwersalna-poduszka-43805-id-7390|/p-ss-31-uniwersalna-poduszka-id-7390,200,REVIEW_EXACT_NAME_ONLY,0
7391,K-SS-01 Klin termoaktywny kończyny górnej,K-SS-01,9310,K-SS-01 Klin termoaktywny kończyny górnej,/products/klin-termoaktywny-konczyny-gornej-k-ss-01,0,reh4mat,K-SS-01,4,gornej|klin|konczyny|termoaktywny,2,/k-ss-01-klin-termoaktywny-konczyny-gornej-43807-id-7391|/k-ss-01-klin-termoaktywny-konczyny-gornej-id-7391,200,REVIEW_EXACT_NAME_ONLY,0
7699,Podpórka pod plecy JMC-C 7000,JMC-C,10083,Podpórka pod plecy - JMC-C 7000,/products/podporka-pod-plecy-model-jmc-c-7000,0,timago,JMC-C-7000,3,plecy|pod|podporka,1,/podporka-pod-plecy-jmc-c-7000-id-7699,200,REVIEW_EXACT_NAME_ONLY,0
7792,Orteza nadgarstka EB-N BEŻ,EB-N,9089,Orteza nadgarstka EB-N BEŻ,/products/orteza-nadgarstka-eb-n-bez,0,reh4mat,EB-N,3,bez|nadgarstka|orteza,2,/orteza-nadgarstka-eb-n-bez-45219-id-7792|/orteza-nadgarstka-eb-n-bez-id-7792,200,REVIEW_EXACT_NAME_ONLY,0
8197,Eco Pool podnośnik basenowy,Eco,144,ECO POOL Podnośnik basenowy,/products/podnosnik-basenowy-eco-pool,1,mobilex,podnosnik-basenowy-eco-pool,3,basenowy|podnosnik|pool,1,/eco-pool-podnosnik-basenowy-id-8197,200,REVIEW_EXACT_NAME_ONLY,0
8199,Okrągły stołek prysznicowy z obrotowym siedziskiem,FS,119,Okrągły stołek prysznicowy z obrotowym siedziskiem,/products/okragly-stolek-z-obrotowym-siedziskiem,1,mobilex,okragly-stolek-z-obrotowym-siedziskiem,5,obrotowym|okragly|prysznicowy|siedziskiem|stolek,1,/okragly-stolek-prysznicowy-z-obrotowym-siedziskiem-id-8199,200,REVIEW_EXACT_NAME_ONLY,0
8372,Orteza stopy i stawu skokowego AM-OSS-03,AM-OSS-03,8969,Orteza stopy i stawu skokowego AM-OSS-03,/products/sznurowana-orteza-stawu-skokowego-z-bocznym-wzmocnieniem-am-oss-03,0,reh4mat,AM-OSS-03,4,orteza|skokowego|stawu|stopy,2,/orteza-stopy-i-stawu-skokowego-am-oss-03-48647-id-8372|/orteza-stopy-i-stawu-skokowego-am-oss-03-id-8372,200,REVIEW_EXACT_NAME_ONLY,0
8791,Posterior Splint 90,N-03,13493,Posterior Splint 90°,/products/posterior-splint-90,3,iconic,ICO-POSTERIOR-SPLINT-90,2,posterior|splint,2,/posterior-splint-90-50714-id-8791|/posterior-splint-90-id-8791,200,REVIEW_EXACT_NAME_ONLY,0
8792,Posterior Splint 110,RAPTOR,13492,Posterior Splint 110°,/products/posterior-splint-110,3,iconic,ICO-POSTERIOR-SPLINT-110,2,posterior|splint,2,/posterior-splint-110-50716-id-8792|/posterior-splint-110-id-8792,200,REVIEW_EXACT_NAME_ONLY,0
8818,Orteza kręgosłupa OT-07 beżowy,OT-07,9219,Orteza kręgosłupa OT-07 BEŻOWY,/products/orteza-kregoslupa-ot-07-beige,0,reh4mat,OT-07,3,bezowy|kregoslupa|orteza,2,/orteza-kregoslupa-ot-07-bezowy-50786-id-8818|/orteza-kregoslupa-ot-07-bezowy-id-8818,200,REVIEW_EXACT_NAME_ONLY,0
8891,Orteza kończyny dolnej EB-SK/2RA CZARNY MELANŻ,EB-SK/2RA,8880,Orteza kończyny dolnej EB-SK/2RA CZARNY MELANŻ,/products/orteza-konczyny-dolnej-eb-sk-2ra-czarny,0,reh4mat,EB-SK-2RA,5,czarny|dolnej|konczyny|melanz|orteza,2,/orteza-konczyny-dolnej-eb-sk-2ra-czarny-melanz-51217-id-8891|/orteza-konczyny-dolnej-eb-sk-2ra-czarny-melanz-id-8891,200,REVIEW_EXACT_NAME_ONLY,0
8892,Orteza kończyny dolnej ACL CCA,AM-OSK-ZL/2RA-ACL,8871,Orteza kończyny dolnej ACL CCA,/products/orteza-szynowo-opaskowa-konczyny-dolnej-z-systemem-dynamicznym-acl-power-am-osk-zl2ra-acl,0,reh4mat,ACL-CCA,4,cca|dolnej|konczyny|orteza,2,/orteza-konczyny-dolnej-acl-cca-51224-id-8892|/orteza-konczyny-dolnej-acl-cca-id-8892,200,REVIEW_EXACT_NAME_ONLY,0
8963,Orteza nadgarstka EB-N CZARNY MELANŻ,EB-N,9088,Orteza nadgarstka EB-N CZARNY MELANŻ,/products/orteza-nadgarstka-eb-n-czarny,0,reh4mat,EB-N,4,czarny|melanz|nadgarstka|orteza,2,/orteza-nadgarstka-eb-n-czarny-melanz-51472-id-8963|/orteza-nadgarstka-eb-n-czarny-melanz-id-8963,200,REVIEW_EXACT_NAME_ONLY,0
8964,Orteza nadgarstka EB-N SZARY,EB-N,9087,Orteza nadgarstka EB-N SZARY,/products/orteza-nadgarstka-profit-eb-n,0,reh4mat,EB-N,3,nadgarstka|orteza|szary,2,/orteza-nadgarstka-eb-n-szary-51480-id-8964|/orteza-nadgarstka-eb-n-szary-id-8964,200,REVIEW_EXACT_NAME_ONLY,0
8965,Orteza nadgarstka EB-N-01 BEŻ,EB-N-01,9074,Orteza nadgarstka EB-N-01 BEŻ,/products/orteza-nadgarstka-eb-n-01-bez,0,reh4mat,EB-N-01,3,bez|nadgarstka|orteza,2,/orteza-nadgarstka-eb-n-01-bez-51488-id-8965|/orteza-nadgarstka-eb-n-01-bez-id-8965,200,REVIEW_EXACT_NAME_ONLY,0
8966,Orteza nadgarstka EB-N-01 CZARNY MELANŻ,EB-N-01,9076,Orteza nadgarstka EB-N-01 CZARNY MELANŻ,/products/orteza-nadgarstka-eb-n-01-czarny,0,reh4mat,EB-N-01,4,czarny|melanz|nadgarstka|orteza,2,/orteza-nadgarstka-eb-n-01-czarny-melanz-51496-id-8966|/orteza-nadgarstka-eb-n-01-czarny-melanz-id-8966,200,REVIEW_EXACT_NAME_ONLY,0
8967,Orteza nadgarstka EB-N-02 BEŻ,EB-N-02,9077,Orteza nadgarstka EB-N-02 BEŻ,/products/orteza-nadgarstka-eb-n-02-bez,0,reh4mat,EB-N-02,3,bez|nadgarstka|orteza,2,/orteza-nadgarstka-eb-n-02-bez-51504-id-8967|/orteza-nadgarstka-eb-n-02-bez-id-8967,200,REVIEW_EXACT_NAME_ONLY,0
8968,Orteza nadgarstka EB-N-02 CZARNY MELANŻ,EB-N-02,9078,Orteza nadgarstka EB-N-02 CZARNY MELANŻ,/products/orteza-nadgarstka-eb-n-02-czarny-melanz,0,reh4mat,EB-N-02,4,czarny|melanz|nadgarstka|orteza,2,/orteza-nadgarstka-eb-n-02-czarny-melanz-51512-id-8968|/orteza-nadgarstka-eb-n-02-czarny-melanz-id-8968,200,REVIEW_EXACT_NAME_ONLY,0
8975,Orteza kręgosłupa OT-07 czarny,OT-07,9218,Orteza kręgosłupa OT-07 CZARNY,/products/orteza-kregoslupa-ot-07-black,0,reh4mat,OT-07,3,czarny|kregoslupa|orteza,2,/orteza-kregoslupa-ot-07-czarny-51557-id-8975|/orteza-kregoslupa-ot-07-czarny-id-8975,200,REVIEW_EXACT_NAME_ONLY,0
9237,Orteza kończyny dolnej AM-KD-AM/2R,AM-KD-AM/2R,8825,Orteza kończyny dolnej AM-KD-AM/2R,/products/aparat-szynowo-opaskowy-konczyny-dolnej-z-szynami-2r-am-kd-am2r,0,reh4mat,AM-KD-AM-2R,3,dolnej|konczyny|orteza,2,/orteza-konczyny-dolnej-am-kd-am-2r-60127-id-9237|/orteza-konczyny-dolnej-am-kd-am-2r-id-9237,200,REVIEW_EXACT_NAME_ONLY,0
9241,Orteza kończyny dolnej OKD-10 DUAL,OKD-10,8837,Orteza kończyny dolnej OKD-10 DUAL,/products/orteza-konczyny-dolnej-okd-10-dual,0,reh4mat,OKD-10-DUAL,4,dolnej|dual|konczyny|orteza,1,/orteza-konczyny-dolnej-okd-10-dual-id-9241,200,REVIEW_EXACT_NAME_ONLY,0
9304,Elektryczny fotel pionizujący OLIMPIA,OLIMPIA,286,Elektryczny fotel pionizujący OLIMPIA,/products/elektryczny-fotel-pionizujacy-olimpia,2,mobilex,elektryczny-fotel-pionizujacy-olimpia,3,elektryczny|fotel|pionizujacy,2,/elektryczny-fotel-pionizujacy-olimpia-60274-id-9304|/elektryczny-fotel-pionizujacy-olimpia-id-9304,200,REVIEW_EXACT_NAME_ONLY,0
9420,Orteza kolana R4M-SK/F,R4M-SK/F,8944,Orteza kolana R4M-SK/F,/products/orteza-kolana-r4m-sk-f,0,reh4mat,R4M-SK-F,2,kolana|orteza,2,/orteza-kolana-r4m-sk-f-60423-id-9420|/orteza-kolana-r4m-sk-f-id-9420,200,REVIEW_EXACT_NAME_ONLY,0
9654,UCHWYT DO WC,UWC,11375,Uchwyt do WC,/products/uchwyt-do-wc,0,antar,,1,uchwyt,2,/uchwyt-do-wc-61156-id-9654|/uchwyt-do-wc-id-9654,200,REVIEW_EXACT_NAME_ONLY,0
9656,UCHWYT KĄTOWY,UK,11376,Uchwyt kątowy,/products/uchwyt-katowy,0,antar,,2,katowy|uchwyt,2,/uchwyt-katowy-61158-id-9656|/uchwyt-katowy-id-9656,200,REVIEW_EXACT_NAME_ONLY,0
9824,ACTIV - Peeling Gel 150ml,ACTIV,1768,ACTIV - Peeling Gel 150ml,/products/activ-peeling-gel-150ml,1,peruka,https://www.peruka.pl/activ-peeling-gel-150ml.html,3,150ml|gel|peeling,1,/activ---peeling-gel-150ml-id-9824,200,REVIEW_EXACT_NAME_ONLY,0
10090,Poduszka ortopedyczna Morfeusz Klasyczny,660,10746,Poduszka ortopedyczna Morfeusz Klasyczny,/products/poduszka-ortopedyczna-morfeusz-klasyczny-660,0,rehafund,660,4,klasyczny|morfeusz|ortopedyczna|poduszka,1,/poduszka-ortopedyczna-morfeusz-klasyczny-id-10090,200,REVIEW_EXACT_NAME_ONLY,0
10092,Poduszka ortopedyczna Morfeusz Delikatny,664,10745,Poduszka ortopedyczna Morfeusz Delikatny,/products/poduszka-ortopedyczna-morfeusz-delikatny-664,0,rehafund,HTTPS-SKLEP.REHAFUND.PL-PODUSZKA-ORTOPEDYCZNA-MORFEUSZ-DELIKATNY-664-3-406-639,4,delikatny|morfeusz|ortopedyczna|poduszka,1,/poduszka-ortopedyczna-morfeusz-delikatny-id-10092,200,REVIEW_EXACT_NAME_ONLY,0
10440,Koncentrator tlenu z nebulizatorem,TP-B1,10969,Koncentrator tlenu z nebulizatorem,/products/koncentrator-tlenu-z-nebulizatorem,0,antar,,3,koncentrator|nebulizatorem|tlenu,1,/koncentrator-tlenu-z-nebulizatorem-id-10440,200,REVIEW_EXACT_NAME_ONLY,0
10451,PIŁKA DO REHABILITACJI Z SYSTEMEM ABS,ABS,11185,Piłka do rehabilitacji z systemem ABS,/products/pilka-do-rehabilitacji-z-systemem-abs-55-cm-at51406,0,antar,AT51406-AT51407-AT51408-AT51409,3,pilka|rehabilitacji|systemem,2,/pilka-do-rehabilitacji-z-systemem-abs-70564-id-10451|/pilka-do-rehabilitacji-z-systemem-abs-id-10451,200,REVIEW_EXACT_NAME_ONLY,0
10575,FootWave HARD BALL Twarda piłka do masażu stóp,FootWave,14335,FOOTWAVE™ HARD BALL Twarda piłka do masażu stóp,/products/footwave-hard-ball-twarda-pilka-do-masazu-stop,1,footwave,HARD_BALL,6,ball|hard|masazu|pilka|stop|twarda,1,/footwave-hard-ball-twarda-pilka-do-masazu-stop-id-10575,200,REVIEW_EXACT_NAME_ONLY,0
10580,FootWave™ BALL Piłka do ćwiczeń,FootWave,14372,FOOTWAVE™ BALL Piłka do ćwiczeń,/products/footwave-ball-pilka-do-cwiczen,1,footwave,BALL,3,ball|cwiczen|pilka,1,/footwave-ball-pilka-do-cwiczen-id-10580,200,REVIEW_EXACT_NAME_ONLY,0
10594,FootWave™ HALLUX,EB-LK-02,14340,FootWave™ HALLUX,/products/footwave-hallux,5,footwave,FW_01010248,2,footwave|hallux,2,/footwave-hallux-70988-id-10594|/footwave-hallux-id-10594,200,REVIEW_EXACT_NAME_ONLY,0
10595,FootWave™ KIDS SUPI,103570,14337,FootWave™ KIDS SUPI,/products/footwave-kids-supi,4,footwave,FW_09020248,3,footwave|kids|supi,2,/footwave-kids-supi-70987-id-10595|/footwave-kids-supi-id-10595,200,REVIEW_EXACT_NAME_ONLY,0
10597,FootWave™ KIDS SUPI PRO,255619,14338,FootWave™ KIDS SUPI PRO,/products/footwave-kids-supi-pro,4,footwave,FW_10020248,4,footwave|kids|pro|supi,2,/footwave-kids-supi-pro-70979-id-10597|/footwave-kids-supi-pro-id-10597,200,REVIEW_EXACT_NAME_ONLY,0
10598,FootWave™ PŁASKOSTOPIE,IO62,14343,FootWave™ PŁASKOSTOPIE,/products/footwave-plaskostopie,5,footwave,FW_05010148,2,footwave|plaskostopie,2,/footwave-plaskostopie-70971-id-10598|/footwave-plaskostopie-id-10598,200,REVIEW_EXACT_NAME_ONLY,0
10599,FootWave™ OSTROGA PIĘTOWA,63BD-72394,14339,FootWave™ OSTROGA PIĘTOWA,/products/footwave-ostroga-pietowa,5,footwave,FW_02010148,3,footwave|ostroga|pietowa,2,/footwave-ostroga-pietowa-70966-id-10599|/footwave-ostroga-pietowa-id-10599,200,REVIEW_EXACT_NAME_ONLY,0
10604,FootWave™ LADY VERSA,K-SS-01,14352,FootWave™ LADY VERSA,/products/footwave-lady-versa,4,footwave,FW_13020148,3,footwave|lady|versa,2,/footwave-lady-versa-70944-id-10604|/footwave-lady-versa-id-10604,200,REVIEW_EXACT_NAME_ONLY,0
10605,FootWave™ SOFTY,AT04506,14346,FootWave™ SOFTY,/products/footwave-softy,3,footwave,FW_15010148,2,footwave|softy,2,/footwave-softy-70941-id-10605|/footwave-softy-id-10605,200,REVIEW_EXACT_NAME_ONLY,0
10606,FootWave™ KIDS,AM-SOB-03,14336,FootWave™ KIDS,/products/footwave-kids,4,footwave,FW_07020248,2,footwave|kids,2,/footwave-kids-70937-id-10606|/footwave-kids-id-10606,200,REVIEW_EXACT_NAME_ONLY,0
10608,FootWave™ LADY HIGH HEEL,AT53008,14354,FootWave™ LADY HIGH HEEL,/products/footwave-lady-high-heel,3,footwave,FW_12020148,4,footwave|heel|high|lady,2,/footwave-lady-high-heel-70929-id-10608|/footwave-lady-high-heel-id-10608,200,REVIEW_EXACT_NAME_ONLY,0
10610,FootWave™ SPORT,DR-A201,14347,FootWave™ SPORT,/products/footwave-sport,5,footwave,FW_17030248,2,footwave|sport,2,/footwave-sport-70919-id-10610|/footwave-sport-id-10610,200,REVIEW_EXACT_NAME_ONLY,0
11010,medi rękawiczki tekstylne,SDP-330,11982,medi rękawiczki tekstylne,/products/medi-r-kawiczki-tekstylne-pomoc-w-zak-adaniu,3,medi,01203HNONE,3,medi|rekawiczki|tekstylne,2,/medi-rekawiczki-tekstylne-72403-id-11010|/medi-rekawiczki-tekstylne-id-11010,200,REVIEW_EXACT_NAME_ONLY,0
11131,HIT! szampon 200 ml wzmacniający i zapobiegający wypadaniu włosów,SOFIA,1752,HIT! szampon 200 ml wzmacniający i zapobiegający wypadaniu włosów,/products/hit-szampon-200-ml-wzmacniajacy-i-zapobiegajacy-wypadaniu-wlosow,1,peruka,https://www.peruka.pl/hit-szampon-200-ml-wzmacniajacy-i-zapobiegajacy-wypadaniu-wlosow.html,6,hit|szampon|wlosow|wypadaniu|wzmacniajacy|zapobiegajacy,1,/hit-szampon-200-ml-wzmacniajacy-i-zapobiegajacy-wypadaniu-wlosow-id-11131,200,REVIEW_EXACT_NAME_ONLY,0
11132,HIT! krople do skóry głowy 60 ml wspomagające wzrost włosów oraz zapobiegające ich wypadaniu,6204,1753,HIT! krople do skóry głowy 60 ml wspomagające wzrost włosów oraz zapobiegające ich wypadaniu,/products/hit-krople-do-skory-glowy-60-ml-wspomagajace-wzrost-wlosow-oraz-zapobiegajace-ich-wypadaniu,1,peruka,https://www.peruka.pl/hit-krople-do-skory-glowy-60-ml-wspomagajace-wzrost-wlosow-oraz-zapobiegajace-ich-wypadaniu.html,11,glowy|hit|ich|krople|oraz|skory|wlosow|wspomagajace|wypadaniu|wzrost|zapobiegajace,1,/hit-krople-do-skory-glowy-60-ml-wspomagajace-wzrost-wlosow-oraz-zapobiegajace-ich-wypadaniu-id-11132,200,REVIEW_EXACT_NAME_ONLY,0
11301,WÓZEK PRYSZNICOWO-TOALETOWY Z ODCHYLANYM SIEDZISKIEM I ZAGŁÓWKIEM,LD51,134,Wózek prysznicowo-toaletowy z odchylanym siedziskiem i zagłówkiem,/products/wozek-prysznicowo-toaletowy-z-odchylanym-siedziskiem-i-zaglowkiem,2,mobilex,wozek-prysznicowo-toaletowy-z-odchylanym-siedziskiem-i-zaglowkiem,6,odchylanym|prysznicowo|siedziskiem|toaletowy|wozek|zaglowkiem,2,/wozek-prysznicowo-toaletowy-z-odchylanym-siedziskiem-i-zaglowkiem-74106-id-11301|/wozek-prysznicowo-toaletowy-z-odchylanym-siedziskiem-i-zaglowkiem-id-11301,200,REVIEW_EXACT_NAME_ONLY,0
11309,Orteza tułowia AR-WSP-03/CCA,AR-WSP-03/CCA,9210,Orteza tułowia AR-WSP-03/CCA,/products/orteza-tulowia-ar-wsp-03-cca,0,reh4mat,AR-WSP-03-CCA,2,orteza|tulowia,2,/orteza-tulowia-ar-wsp-03cca-74114-id-11309|/orteza-tulowia-ar-wsp-03cca-id-11309,200,REVIEW_EXACT_NAME_ONLY,0
11312,Orteza kończyny dolnej RAPTOR BIONIC,RAPTOR,8932,Orteza kończyny dolnej RAPTOR BIONIC,/products/orteza-konczyny-dolnej-raptor-bionic,0,reh4mat,RAPTOR-BIONIC,4,bionic|dolnej|konczyny|orteza,2,/orteza-konczyny-dolnej-raptor-bionic-74147-id-11312|/orteza-konczyny-dolnej-raptor-bionic-id-11312,200,REVIEW_EXACT_NAME_ONLY,0
11367,BODYMAP S Swimmer Poduszka do pływania,BODYMAP,9260,BODYMAP® S SWIMMER – PODUSZKA DO PŁYWANIA,/products/poduszka-do-plywania-bodymap-s-swimmer,0,reh4mat,REH4MAT-7160,3,plywania|poduszka|swimmer,2,/bodymap-s-swimmer-poduszka-do-plywania-74344-id-11367|/bodymap-s-swimmer-poduszka-do-plywania-id-11367,200,REVIEW_EXACT_NAME_ONLY,0
12403,"Neoprenowy stabilizator stawu skokowego ""Ligamax Ankle""",O-1120,10622,Neoprenowy stabilizator stawu skokowego Ligamax Ankle,/products/neoprenowy-stabilizator-stawu-skokowego-ligamax-a,0,rehafund,O-1120-1,6,ankle|ligamax|neoprenowy|skokowego|stabilizator|stawu,2,/neoprenowy-stabilizator-stawu-skokowego-ligamax-ankle-81324-id-12403|/neoprenowy-stabilizator-stawu-skokowego-ligamax-ankle-id-12403,200,REVIEW_EXACT_NAME_ONLY,0
12404,"Pooperacyjna orteza stawu kolanowego ""T-Max Knee""",O-1270,10606,"Pooperacyjna orteza stawu kolanowego ""T-Max Knee""",/products/pooperacyjna-orteza-stawu-kolanowego-t-max-knee,0,rehafund,O-1270-U,6,knee|kolanowego|max|orteza|pooperacyjna|stawu,1,/pooperacyjna-orteza-stawu-kolanowego-t-max-knee-id-12404,200,REVIEW_EXACT_NAME_ONLY,0
12405,"Elastyczny stabilizator stawu kolanowego z osłoną silikonową i stalkami ""Genumax""",O-1211,10610,Elastyczny stabilizator stawu kolanowego z osłoną silikonową i stalkami Genumax,/products/elastyczny-stabilizator-stawu-kolanowego-z-oslona,0,rehafund,O-1211-S,8,elastyczny|genumax|kolanowego|oslona|silikonowa|stabilizator|stalkami|stawu,2,/elastyczny-stabilizator-stawu-kolanowego-z-oslona-silikonowa-i-stalkami-genumax-81326-id-12405|/elastyczny-stabilizator-stawu-kolanowego-z-oslona-silikonowa-i-stalkami-genumax-id-12405,200,REVIEW_EXACT_NAME_ONLY,0
12406,"Elastyczny stabilizator stawu kolanowego z zawiasami ""Genumax Plus""",O-1210,10611,Elastyczny stabilizator stawu kolanowego z zawiasami Genumax Plus,/products/elastyczny-stabilizator-stawu-kolanowego-z-zawiasa,0,rehafund,O-1210-S,7,elastyczny|genumax|kolanowego|plus|stabilizator|stawu|zawiasami,2,/elastyczny-stabilizator-stawu-kolanowego-z-zawiasami-genumax-plus-81332-id-12406|/elastyczny-stabilizator-stawu-kolanowego-z-zawiasami-genumax-plus-id-12406,200,REVIEW_EXACT_NAME_ONLY,0
12407,"Neoprenowy stabilizator stawu kolanowego ""Ligamax Knee""",O-1201,10623,Neoprenowy stabilizator stawu kolanowego Ligamax Knee,/products/neoprenowy-stabilizator-stawu-kolanowego-ligamax,0,rehafund,O-1201-1,6,knee|kolanowego|ligamax|neoprenowy|stabilizator|stawu,2,/neoprenowy-stabilizator-stawu-kolanowego-ligamax-knee-81336-id-12407|/neoprenowy-stabilizator-stawu-kolanowego-ligamax-knee-id-12407,200,REVIEW_EXACT_NAME_ONLY,0
12408,"Pas brzuszny ""24cm"" ""Ventrimax""",O-1400,10621,"Pas brzuszny ""24cm"" Ventrimax",/products/pas-brzuszny-24cm-ventrimax-rozmiar-s-o-1400,0,rehafund,O-1400-S,4,24cm|brzuszny|pas|ventrimax,2,/pas-brzuszny-24cm-ventrimax-81338-id-12408|/pas-brzuszny-24cm-ventrimax-id-12408,200,REVIEW_EXACT_NAME_ONLY,0
12409,"Pas brzuszny przewiewny ""24cm"" ""Ventrimax Air""",O-1401,10590,"Pas brzuszny przewiewny ""24cm"" Ventrimax Air",/products/pas-brzuszny-przewiewny-24cm-ventrimax-air-kolo,0,rehafund,O-1401-CZA-S,6,24cm|air|brzuszny|pas|przewiewny|ventrimax,2,/pas-brzuszny-przewiewny-24cm-ventrimax-air-81343-id-12409|/pas-brzuszny-przewiewny-24cm-ventrimax-air-id-12409,200,REVIEW_EXACT_NAME_ONLY,0
12410,"Wysoka sznurówka półsztywna z podpaszkami ""Lumbomax Spina""",O-1461,10614,"Wysoka sznurówka półsztywna z podpaszkami ""Lumbomax Spina""",/products/wysoka-sznurowka-polsztywna-z-podpaszkami-lumboma,0,rehafund,O-1461-S,6,lumbomax|podpaszkami|polsztywna|spina|sznurowka|wysoka,2,/wysoka-sznurowka-polsztywna-z-podpaszkami-lumbomax-spina-81348-id-12410|/wysoka-sznurowka-polsztywna-z-podpaszkami-lumbomax-spina-id-12410,200,REVIEW_EXACT_NAME_ONLY,0
12411,"Wysoka sznurówka półsztywna z pasami dociągowymi ""Lumbomax Stabil""",O-1460,10615,Wysoka sznurówka półsztywna z pasami dociągowymi „Lumbomax Stabil”,/products/wysoka-sznurowka-polsztywna-z-pasami-dociagowymi,0,rehafund,O-1460-S,7,dociagowymi|lumbomax|pasami|polsztywna|stabil|sznurowka|wysoka,2,/wysoka-sznurowka-polsztywna-z-pasami-dociagowymi-lumbomax-stabil-81353-id-12411|/wysoka-sznurowka-polsztywna-z-pasami-dociagowymi-lumbomax-stabil-id-12411,200,REVIEW_EXACT_NAME_ONLY,0
12413,"Pas lędźwiowo-krzyżowy z pasami dociągowymi ""Lumbomax Plus""",O-1431,10613,"Pas lędźwiowo-krzyżowy z pasami dociągowymi ""Lumbomax Plus""",/products/pas-ledzwiowo-krzyzowy-z-pasami-dociagowymi-lumbo,0,rehafund,O-1431-S,7,dociagowymi|krzyzowy|ledzwiowo|lumbomax|pas|pasami|plus,2,/pas-ledzwiowo-krzyzowy-z-pasami-dociagowymi-lumbomax-plus-81358-id-12413|/pas-ledzwiowo-krzyzowy-z-pasami-dociagowymi-lumbomax-plus-id-12413,200,REVIEW_EXACT_NAME_ONLY,0
12414,"Pas lędźwiowo-krzyżowy ""Lumbomax""",O-1430,10612,Pas lędźwiowo-krzyżowy „Lumbomax”,/products/pas-ledzwiowo-krzyzowy-lumbomax-rozmiar-s-o-14,0,rehafund,O-1430-S,4,krzyzowy|ledzwiowo|lumbomax|pas,2,/pas-ledzwiowo-krzyzowy-lumbomax-81363-id-12414|/pas-ledzwiowo-krzyzowy-lumbomax-id-12414,200,REVIEW_EXACT_NAME_ONLY,0
12415,"Pas lędźwiowo-krzyżowy z pelotą silikonową ""Lumbomax Skin""",O-1432,10616,"Pas lędźwiowo-krzyżowy z pelotą silikonową ""Lumbomax Skin""",/products/pas-ledzwiowo-krzyzowy-z-pelota-silikonowa-lumbom,0,rehafund,O-1432-S,7,krzyzowy|ledzwiowo|lumbomax|pas|pelota|silikonowa|skin,2,/pas-ledzwiowo-krzyzowy-z-pelota-silikonowa-lumbomax-skin-81369-id-12415|/pas-ledzwiowo-krzyzowy-z-pelota-silikonowa-lumbomax-skin-id-12415,200,REVIEW_EXACT_NAME_ONLY,0
12416,"Pas lędźwiowo-krzyżowy z dociągami ""Lumbomax Disc""",O-1433,10617,"Pas lędźwiowo-krzyżowy z dociągami ""Lumbomax Disc""",/products/pas-ledzwiowo-krzyzowy-z-dociagami-lumbomax-disc,0,rehafund,O-1433-S,6,disc|dociagami|krzyzowy|ledzwiowo|lumbomax|pas,2,/pas-ledzwiowo-krzyzowy-z-dociagami-lumbomax-disc-81373-id-12416|/pas-ledzwiowo-krzyzowy-z-dociagami-lumbomax-disc-id-12416,200,REVIEW_EXACT_NAME_ONLY,0
12418,Temblak kończyny górnej siatkowy,O-1501,13030,Temblak kończyny górnej siatkowy,/products/temblak-konczyny-gornej-siatkowy,5,sigvaris,SIGVARIS-23912,4,gornej|konczyny|siatkowy|temblak,2,/-temblak-konczyny-gornej-siatkowy-81378-id-12418|/-temblak-konczyny-gornej-siatkowy-id-12418,200,REVIEW_EXACT_NAME_ONLY,0
12419,"Zegarowa orteza stawu łokciowego ""T-Max Elbow""",O-1670,10607,"Zegarowa orteza stawu łokciowego ""T-Max Elbow""",/products/zegarowa-orteza-stawu-lokciowego-t-max-elbow-pr,0,rehafund,O-1670-P,6,elbow|lokciowego|max|orteza|stawu|zegarowa,2,/zegarowa-orteza-stawu-lokciowego-t-max-elbow-81386-id-12419|/zegarowa-orteza-stawu-lokciowego-t-max-elbow-id-12419,200,REVIEW_EXACT_NAME_ONLY,0
12421,"Neoprenowy stabilizator stawu łokciowego ""Ligamax Elbow""",O-1601,10626,Neoprenowy stabilizator stawu łokciowego Ligamax Elbow,/products/neoprenowy-stabilizator-stawu-lokciowego-ligamax,0,rehafund,O-1601-U,6,elbow|ligamax|lokciowego|neoprenowy|stabilizator|stawu,1,/neoprenowy-stabilizator-stawu-lokciowego-ligamax-elbow-id-12421,200,REVIEW_EXACT_NAME_ONLY,0
12422,"Elastyczny stabilizator nadgarstka i kciuka ""Manimax T""",O-1742,10620,"Elastyczny stabilizator nadgarstka i kciuka ""Manimax T""",/products/elastyczny-stabilizator-nadgarstka-i-kciuka-manim,0,rehafund,O-1742-S-P,5,elastyczny|kciuka|manimax|nadgarstka|stabilizator,2,/elastyczny-stabilizator-nadgarstka-i-kciuka-manimax-t-81393-id-12422|/elastyczny-stabilizator-nadgarstka-i-kciuka-manimax-t-id-12422,200,REVIEW_EXACT_NAME_ONLY,0
12423,"Elastyczny stabilizator nadgarstka ""Manimax""",O-1743,10619,"Elastyczny stabilizator nadgarstka ""Manimax""",/products/elastyczny-stabilizator-nadgarstka-manimax-rozm,0,rehafund,O-1743-S-P,4,elastyczny|manimax|nadgarstka|stabilizator,2,/elastyczny-stabilizator-nadgarstka-manimax-81403-id-12423|/elastyczny-stabilizator-nadgarstka-manimax-id-12423,200,REVIEW_EXACT_NAME_ONLY,0
12427,"Orteza wielopalcowa ręki ""Digimax""",O-1770,10629,"Orteza wielopalcowa ręki ""Digimax""",/products/orteza-wielopalcowa-reki-digimax-rozmiar-s-pra,0,rehafund,O-1770-S-P,4,digimax|orteza|reki|wielopalcowa,2,/orteza-wielopalcowa-reki-digimax-81425-id-12427|/orteza-wielopalcowa-reki-digimax-id-12427,200,REVIEW_EXACT_NAME_ONLY,0
12428,"Orteza palcowa ręki ""Digimax Plus""",O-1771,10627,"Orteza palcowa ręki ""Digimax Plus""",/products/orteza-palcowa-reki-digimax-plus-rozmiar-1-o,0,rehafund,O-1771-1,5,digimax|orteza|palcowa|plus|reki,2,/orteza-palcowa-reki-digimax-plus-81431-id-12428|/orteza-palcowa-reki-digimax-plus-id-12428,200,REVIEW_EXACT_NAME_ONLY,0
12430,"Neoprenowy stabilizator nadgarstka ""Ligamax Wrist""",O-1720,10625,Neoprenowy stabilizator nadgarstka Ligamax Wrist,/products/neoprenowy-stabilizator-nadgarstka-ligamax-wrist,0,rehafund,O-1720-U,5,ligamax|nadgarstka|neoprenowy|stabilizator|wrist,1,/neoprenowy-stabilizator-nadgarstka-ligamax-wrist-id-12430,200,REVIEW_EXACT_NAME_ONLY,0
12431,"Neoprenowy stabilizator nadgarstka z ujęciem ręki ""Ligamax Palm""",O-1721,10624,Neoprenowy stabilizator nadgarstka z ujęciem ręki Ligamax Palm,/products/neoprenowy-stabilizator-nadgarstka-z-ujeciem-reki,0,rehafund,O-1721-U,7,ligamax|nadgarstka|neoprenowy|palm|reki|stabilizator|ujeciem,1,/neoprenowy-stabilizator-nadgarstka-z-ujeciem-reki-ligamax-palm-id-12431,200,REVIEW_EXACT_NAME_ONLY,0
12432,Kołnierz ortopedyczny typu Schanza,O-1800,10608,Kołnierz ortopedyczny typu Schanza,/products/kolnierz-ortopedyczny-typu-schanza-rozmiar-s-wys,0,rehafund,O-1800-S-8,4,kolnierz|ortopedyczny|schanza|typu,2,/kolnierz-ortopedyczny-typu-schanza-81436-id-12432|/kolnierz-ortopedyczny-typu-schanza-id-12432,200,REVIEW_EXACT_NAME_ONLY,0
12614,Orteza lędźwiowo-krzyżowa AM-SO-10 czarny melanż,AM-SO-10,9204,ORTEZA LĘDŹWIOWO-KRZYŻOWA AM-SO-10 CZARNY MELANŻ,/products/orteza-ledzwiowo-krzyzowa-am-so-10-czarny-melanz,0,reh4mat,AM-SO-10,5,czarny|krzyzowa|ledzwiowo|melanz|orteza,2,/orteza-ledzwiowo-krzyzowa-am-so-10-czarny-melanz-81965-id-12614|/orteza-ledzwiowo-krzyzowa-am-so-10-czarny-melanz-id-12614,200,REVIEW_EXACT_NAME_ONLY,0
12637,Stolik przyłóżkowy,Stolik,284,Stolik przyłóżkowy,/products/stolik-przylozkowy,1,mobilex,stolik-przylozkowy,1,przylozkowy,1,/stolik-przylozkowy-id-12637,200,REVIEW_EXACT_NAME_ONLY,0
12643,Thermcover nieprzemakalna termiczna osłona na nogi,THERMCOVER,41,THERMCOVER nieprzemakalna termiczna osłona na nogi,/products/nieprzemakalna-termiczna-oslona-na-nogi-thermcover,2,mobilex,nieprzemakalna-termiczna-oslona-na-nogi-thermcover,4,nieprzemakalna|nogi|oslona|termiczna,2,/thermcover-nieprzemakalna-termiczna-oslona-na-nogi-82048-id-12643|/thermcover-nieprzemakalna-termiczna-oslona-na-nogi-id-12643,200,REVIEW_EXACT_NAME_ONLY,0
12648,Schodołaz transportowy Cargo Master C120,Cargo,68,Schodołaz transportowy Cargo Master C120,/products/schodolaz-transportpwy-cargo-master-c120,1,mobilex,schodolaz-transportpwy-cargo-master-c120,4,c120|master|schodolaz|transportowy,2,/schodolaz-transportowy-cargo-master-c120-82056-id-12648|/schodolaz-transportowy-cargo-master-c120-id-12648,200,REVIEW_EXACT_NAME_ONLY,0
12649,Miękka nasadka sedesowa,301201,130,Miękka nasadka sedesowa,/products/miekka-nasadka-sedesowa,2,mobilex,miekka-nasadka-sedesowa,3,miekka|nasadka|sedesowa,2,/miekka-nasadka-sedesowa-82066-id-12649|/miekka-nasadka-sedesowa-id-12649,200,REVIEW_EXACT_NAME_ONLY,0
12700,Mobilis GenuWrap Stabilizator kolana,GenuWrap,13007,Mobilis GenuWrap | Stabilizator kolana,/products/mobilis-genuwrap-stabilizator-kolana,2,sigvaris,SIGVARIS-27204,3,kolana|mobilis|stabilizator,2,/mobilis-genuwrap-stabilizator-kolana-82438-id-12700|/mobilis-genuwrap-stabilizator-kolana-id-12700,200,REVIEW_EXACT_NAME_ONLY,0
12702,Mobilis MalleoSupport Stabilizator stawu skokowego,MalleoSupport,13004,Mobilis MalleoSupport | Stabilizator stawu skokowego,/products/mobilis-malleosupport-stabilizator-stawu-skokowego,3,sigvaris,SIGVARIS-27227,4,mobilis|skokowego|stabilizator|stawu,2,/mobilis-malleosupport-stabilizator-stawu-skokowego-82440-id-12702|/mobilis-malleosupport-stabilizator-stawu-skokowego-id-12702,200,REVIEW_EXACT_NAME_ONLY,0
12704,Mobilis RhizoSupport Stabilizator kciuka,RhizoSupport,13006,Mobilis RhizoSupport | Stabilizator kciuka,/products/mobilis-rhizosupport-stabilizator-kciuka,2,sigvaris,SIGVARIS-27215,3,kciuka|mobilis|stabilizator,2,/mobilis-rhizosupport-stabilizator-kciuka-82443-id-12704|/mobilis-rhizosupport-stabilizator-kciuka-id-12704,200,REVIEW_EXACT_NAME_ONLY,0
12705,Mobilis ManuSupport Stabilizator nadgarstka,ManuSupport,13005,Mobilis ManuSupport | Stabilizator nadgarstka,/products/mobilis-manusupport-stabilizator-nadgarstka,2,sigvaris,SIGVARIS-27220,3,mobilis|nadgarstka|stabilizator,2,/mobilis-manusupport-stabilizator-nadgarstka-82445-id-12705|/mobilis-manusupport-stabilizator-nadgarstka-id-12705,200,REVIEW_EXACT_NAME_ONLY,0
12751,Wózek inwalidzki RF-4 Cruiser Active 2 Z,RF-4,10393,Wózek inwalidzki RF-4 Cruiser Active 2 Z,/products/wozek-inwalidzki-rf-4-cruiser-active-2-z-szer-42,0,rehafund,RF-4-Z-42-PN-CZA-624-PU,4,active|cruiser|inwalidzki|wozek,1,/wozek-inwalidzki-rf-4-cruiser-active-2-z-id-12751,200,REVIEW_EXACT_NAME_ONLY,0
12925,Magnetyczny Stabilizator Łokcia Opaska Turmalin,L24,9608,Magnetyczny Stabilizator Łokcia Opaska Turmalin,/products/magnetyczny-stabilizator-lokcia-opaska-turmalin,2,medreha,Y4611,5,lokcia|magnetyczny|opaska|stabilizator|turmalin,2,/magnetyczny-stabilizator-lokcia-opaska-turmalin-83199-id-12925|/magnetyczny-stabilizator-lokcia-opaska-turmalin-id-12925,200,REVIEW_EXACT_NAME_ONLY,0
12931,Pas Żebrowy Ortopedyczny Na Żebra,A09,9438,Pas Żebrowy Ortopedyczny Na Żebra,/products/pas-zebrowy-ortopedyczny,7,medreha,A-09,4,ortopedyczny|pas|zebra|zebrowy,2,/pas-zebrowy-ortopedyczny-na-zebra-83224-id-12931|/pas-zebrowy-ortopedyczny-na-zebra-id-12931,200,REVIEW_EXACT_NAME_ONLY,0
12961,Orteza na Szpotawość i Koślawość Stabilizator Stawu Kolanowego,J08,9466,Orteza na Szpotawość i Koślawość Stabilizator Stawu Kolanowego,/products/orteza-na-szpotawosc-koslawosc,7,medreha,J-08,6,kolanowego|koslawosc|orteza|stabilizator|stawu|szpotawosc,2,/orteza-na-szpotawosc-i-koslawosc-stabilizator-stawu-kolanowego-83314-id-12961|/orteza-na-szpotawosc-i-koslawosc-stabilizator-stawu-kolanowego-id-12961,200,REVIEW_EXACT_NAME_ONLY,0
12967,Elastyczny Stabilizator Stawu Skokowego Opaska Kostki,D18,9486,Elastyczny Stabilizator Stawu Skokowego Opaska Kostki,/products/stabilizator-stawu-skokowego-orteza-kostki,6,medreha,D-18,6,elastyczny|kostki|opaska|skokowego|stabilizator|stawu,2,/elastyczny-stabilizator-stawu-skokowego-opaska-kostki-83343-id-12967|/elastyczny-stabilizator-stawu-skokowego-opaska-kostki-id-12967,200,REVIEW_EXACT_NAME_ONLY,0
12969,Orteza Stopy Stabilizator Stawu Skokowego,D01,9498,Orteza Stopy Stabilizator Stawu Skokowego,/products/orteza-kostki-stabilizator,7,medreha,D-01,5,orteza|skokowego|stabilizator|stawu|stopy,2,/orteza-stopy-stabilizator-stawu-skokowego-83352-id-12969|/orteza-stopy-stabilizator-stawu-skokowego-id-12969,200,REVIEW_EXACT_NAME_ONLY,0
12970,Aparat Szyna korekcyjna na haluksy Koślawy Paluch,K14,9501,Aparat Szyna korekcyjna na haluksy Koślawy Paluch,/products/aparat-szyna-korekcyjna-haluksy,1,medreha,K-14-UNI,6,aparat|haluksy|korekcyjna|koslawy|paluch|szyna,1,/aparat-szyna-korekcyjna-na-haluksy-koslawy-paluch-id-12970,200,REVIEW_EXACT_NAME_ONLY,0
12971,Pediatryczny Miękki Kołnierz Szyjny Ortopedyczny Typu Schantza,B01,9604,Pediatryczny Miękki Kołnierz Szyjny Ortopedyczny Typu Schantza,/products/pediatryczny-miekki-kolnierz-szyjny,1,medreha,B-01-CH,7,kolnierz|miekki|ortopedyczny|pediatryczny|schantza|szyjny|typu,1,/pediatryczny-miekki-kolnierz-szyjny-ortopedyczny-typu-schantza-id-12971,200,REVIEW_EXACT_NAME_ONLY,0
12979,Pediatryczne Wkładki Ortopedyczne Na Płaskostopie,K11,9502,Pediatryczne Wkładki Ortopedyczne Na Płaskostopie,/products/pediatryczne-wkladki-ortopedyczne-na-plaskostopie,3,medreha,K-11,4,ortopedyczne|pediatryczne|plaskostopie|wkladki,2,/pediatryczne-wkladki-ortopedyczne-na-plaskostopie-83360-id-12979|/pediatryczne-wkladki-ortopedyczne-na-plaskostopie-id-12979,200,REVIEW_EXACT_NAME_ONLY,0
12981,Laska Inwalidzka Typu Czwórnóg Czarna,L36,9706,Laska Inwalidzka Typu Czwórnóg Czarna,/products/laska-inwalidzka-czwornog,1,medreha,L-36,5,czarna|czwornog|inwalidzka|laska|typu,1,/laska-inwalidzka-typu-czwornog-czarna-id-12981,200,REVIEW_EXACT_NAME_ONLY,0
12986,Kompres Żelowy Do Wielokrotnego Użytku Na Ciepło Oraz Zimno,H11,9618,Kompres Żelowy Do Wielokrotnego Użytku Na Ciepło Oraz Zimno,/products/kompres-zelowy-do-wielokrotnego-uzytku-na-cieplo-oraz-zimno,4,medreha,H-11,7,cieplo|kompres|oraz|uzytku|wielokrotnego|zelowy|zimno,2,/kompres-zelowy-do-wielokrotnego-uzytku-na-cieplo-oraz-zimno-83433-id-12986|/kompres-zelowy-do-wielokrotnego-uzytku-na-cieplo-oraz-zimno-id-12986,200,REVIEW_EXACT_NAME_ONLY,0
13024,Peg Contour Insole Uni - uniwersalna wkładka odciążająca,Peg,13341,Peg Contour Insole Uni - uniwersalna wkładka odciążająca,/products/peg-contour-insole-uni-uniwersalna-wkladka-odciazajaca,12,iconic,ICO-PEG-CONTOUR-INSOLE-UNI-UNIWERSALNA-WKLADKA-ODCIAZAJACA,6,contour|insole|odciazajaca|uni|uniwersalna|wkladka,2,/peg-contour-insole-uni-uniwersalna-wkladka-odciazajaca-83519-id-13024|/peg-contour-insole-uni-uniwersalna-wkladka-odciazajaca-id-13024,200,REVIEW_EXACT_NAME_ONLY,0
13659,Orteza kończyny dolnej OA PRIME,OA,8898,Orteza kończyny dolnej OA PRIME,/products/orteza-konczyny-dolnej-oa-prime,0,reh4mat,OA-PRIME,4,dolnej|konczyny|orteza|prime,1,/orteza-konczyny-dolnej-oa-prime-86353-id-13659,200,REVIEW_EXACT_NAME_ONLY,0
13720,Orteza kończyny dolnej ATOM/2R,ATOM/2R,8859,Orteza kończyny dolnej ATOM/2R,/products/orteza-konczyny-dolnej-atom-2r,0,reh4mat,ATOM-2R,3,dolnej|konczyny|orteza,1,/orteza-konczyny-dolnej-atom2r-86505-id-13720,200,REVIEW_EXACT_NAME_ONLY,0
