legacy_id,legacy_h1,legacy_index,target_product_id,target_product_name,target_path,source_path_count,source_paths,name_relationship,shared_semantic_token_count,target_active_variant_count,manual_focus_review,review_decision,hold,approved,owner_decision,rationale
1253,Magnetyczna poduszka przeciwodleżynowa Saturn,44/P04,9914,Magnetyczna poduszka przeciwodleżynowa Saturn,/products/magnetyczna-poduszka-przeciwodlezynowa-saturn,1,/magnetyczna-poduszka-przeciwodlezynowa-saturn-id-1253,EXACT_TEXT,4,1,0,SAFE_FOR_OWNER_DECISION,0,0,PENDING,exact_product_name_identity|target_active|target_storefront_reachable|staging_http_200_verified|staging_self_canonical_verified|staging_h1_identity_verified|no_static_redirect_collision
1254,Magnetyczny stabilizator kręgosłupa Harmonium,44/S06,9916,Magnetyczny stabilizator kręgosłupa Harmonium,/products/magnetyczny-stabilizator-kregoslupa-harmonium,2,/magnetyczny-stabilizator-kregoslupa-harmonium-62829-id-1254|/magnetyczny-stabilizator-kregoslupa-harmonium-id-1254,EXACT_TEXT,4,4,0,SAFE_FOR_OWNER_DECISION,0,0,PENDING,exact_product_name_identity|target_active|target_storefront_reachable|staging_http_200_verified|staging_self_canonical_verified|staging_h1_identity_verified|no_static_redirect_collision
1256,Magnetyczny stabilizator kręgosłupa Euromag,44/S09,9918,Magnetyczny stabilizator kręgosłupa Euromag,/products/magnetyczny-stabilizator-kregoslupa-euromag,2,/magnetyczny-stabilizator-kregoslupa-euromag-62861-id-1256|/magnetyczny-stabilizator-kregoslupa-euromag-id-1256,EXACT_TEXT,4,3,0,SAFE_FOR_OWNER_DECISION,0,0,PENDING,exact_product_name_identity|target_active|target_storefront_reachable|staging_http_200_verified|staging_self_canonical_verified|staging_h1_identity_verified|no_static_redirect_collision
1259,Magnetyczny stabilizator łokcia,44/S02,9924,Magnetyczny stabilizator łokcia,/products/magnetyczny-stabilizator-lokcia,2,/magnetyczny-stabilizator-lokcia-62891-id-1259|/magnetyczny-stabilizator-lokcia-id-1259,EXACT_TEXT,3,4,0,SAFE_FOR_OWNER_DECISION,0,0,PENDING,exact_product_name_identity|target_active|target_storefront_reachable|staging_http_200_verified|staging_self_canonical_verified|staging_h1_identity_verified|no_static_redirect_collision
1261,Magnetyczna opaska na kolano wciągana,44/S11,9929,Magnetyczna opaska na kolano wciągana,/products/magnetyczna-opaska-na-kolano-wciagana,2,/magnetyczna-opaska-na-kolano-wciagana-62902-id-1261|/magnetyczna-opaska-na-kolano-wciagana-id-1261,EXACT_TEXT,4,4,0,SAFE_FOR_OWNER_DECISION,0,0,PENDING,exact_product_name_identity|target_active|target_storefront_reachable|staging_http_200_verified|staging_self_canonical_verified|staging_h1_identity_verified|no_static_redirect_collision
1264,Magnetyczne poduszki barkowe,44/K03,9934,Magnetyczne poduszki barkowe,/products/magnetyczne-poduszki-barkowe,1,/magnetyczne-poduszki-barkowe-id-1264,EXACT_TEXT,3,1,0,SAFE_FOR_OWNER_DECISION,0,0,PENDING,exact_product_name_identity|target_active|target_storefront_reachable|staging_http_200_verified|staging_self_canonical_verified|staging_h1_identity_verified|no_static_redirect_collision
1265,Magnetyczny kołnierz wełniany,44/K02,9935,Magnetyczny kołnierz wełniany,/products/magnetyczny-kolnierz-welniany,2,/magnetyczny-kolnierz-welniany-62910-id-1265|/magnetyczny-kolnierz-welniany-id-1265,EXACT_TEXT,3,1,0,SAFE_FOR_OWNER_DECISION,0,0,PENDING,exact_product_name_identity|target_active|target_storefront_reachable|staging_http_200_verified|staging_self_canonical_verified|staging_h1_identity_verified|no_static_redirect_collision
1365,Orteza kończyny dolnej AM-OSK-OL/1R-01,AM-OSK-OL/1R-01,8865,Orteza kończyny dolnej AM-OSK-OL/1R-01,/products/orteza-konczyny-dolnej-am-osk-ol-1r-01,2,/orteza-konczyny-dolnej-am-osk-ol-1r-01-63022-id-1365|/orteza-konczyny-dolnej-am-osk-ol-1r-01-id-1365,EXACT_TEXT,3,0,0,SAFE_FOR_OWNER_DECISION,0,0,PENDING,exact_product_name_identity|zero_active_variants_not_used_as_seo_identity_blocker|target_active|target_storefront_reachable|staging_http_200_verified|staging_self_canonical_verified|staging_h1_identity_verified|no_static_redirect_collision
2044,BODYMAP N - Poduszka korygująca ustawienie stóp,BODYMAP,9326,BodyMap® N – Poduszka korygująca ustawienie stóp,/products/bodymap-n,2,/bodymap-n-poduszka-korygujaca-ustawienie-stop-5794-id-2044|/poduszka-korygujaca-ustawienie-stop-bodymap-n-id-2044,NORMALIZED_TEXT,4,0,0,SAFE_FOR_OWNER_DECISION,0,0,PENDING,punctuation_or_unicode_normalization_only|zero_active_variants_not_used_as_seo_identity_blocker|target_active|target_storefront_reachable|staging_http_200_verified|staging_self_canonical_verified|staging_h1_identity_verified|no_static_redirect_collision
2050,Magnetyczna opaska na nadgarstek rozmiar S,44/S03,9923,Magnetyczna opaska na nadgarstek rozmiar S,/products/magnetyczna-opaska-na-nadgarstek-rozmiar-s,2,/magnetyczna-opaska-na-nadgarstek-rozmiar-s-5809-id-2050|/magnetyczna-opaska-na-nadgarstek-rozmiar-s-id-2050,EXACT_TEXT,4,1,0,SAFE_FOR_OWNER_DECISION,0,0,PENDING,exact_product_name_identity|target_active|target_storefront_reachable|staging_http_200_verified|staging_self_canonical_verified|staging_h1_identity_verified|no_static_redirect_collision
2054,Stabilizator stawu skokowego,44/S14,13013,Stabilizator stawu skokowego,/products/stabilizator-stawu-skokowego-sigvaris-24060,2,/stabilizator-stawu-skokowego-5819-id-2054|/stabilizator-stawu-skokowego-id-2054,EXACT_TEXT,3,5,0,SAFE_FOR_OWNER_DECISION,0,0,PENDING,exact_product_name_identity|target_active|target_storefront_reachable|staging_http_200_verified|staging_self_canonical_verified|staging_h1_identity_verified|no_static_redirect_collision
2057,Magnetyczny bioaktywator wody,4600/3,9937,Magnetyczny bioaktywator wody,/products/magnetyczny-bioaktywator-wody,1,/magnetyczny-bioaktywator-wody-id-2057,EXACT_TEXT,3,1,0,SAFE_FOR_OWNER_DECISION,0,0,PENDING,exact_product_name_identity|target_active|target_storefront_reachable|staging_http_200_verified|staging_self_canonical_verified|staging_h1_identity_verified|no_static_redirect_collision
2058,Okulary ziołowo-magnetyczne IRMA,IRMA,9938,Okulary ziołowo-magnetyczne IRMA,/products/okulary-ziolowo-magnetyczne-irma,2,/okulary-ziolowo-magnetyczne-irma-5826-id-2058|/okulary-ziolowo-magnetyczne-irma-id-2058,EXACT_TEXT,3,1,0,SAFE_FOR_OWNER_DECISION,0,0,PENDING,exact_product_name_identity|target_active|target_storefront_reachable|staging_http_200_verified|staging_self_canonical_verified|staging_h1_identity_verified|no_static_redirect_collision
2082,Pianka do ciała myjąco-pielęgnująca Seni Care,,13503,Pianka do ciała myjąco-pielęgnująca Seni Care,/products/seni-care-pianka-do-ciala-myjaco-pielegnujaca-500-ml,1,/pianka-do-ciala-myjaco-pielegnujaca-seni-care-id-2082,EXACT_TEXT,6,1,0,SAFE_FOR_OWNER_DECISION,0,0,PENDING,exact_product_name_identity|target_active|target_storefront_reachable|staging_http_200_verified|staging_self_canonical_verified|staging_h1_identity_verified|no_static_redirect_collision
2178,Rękawica ochronna SALVACEL,SVC,10241,Rękawica ochronna - SALVACEL,/products/rekawica-ochronna-salvacel,2,/rekawica-ochronna-salvacel-5967-id-2178|/rekawica-ochronna-salvacel-id-2178,NORMALIZED_TEXT,3,0,0,SAFE_FOR_OWNER_DECISION,0,0,PENDING,punctuation_or_unicode_normalization_only|zero_active_variants_not_used_as_seo_identity_blocker|target_active|target_storefront_reachable|staging_http_200_verified|staging_self_canonical_verified|staging_h1_identity_verified|no_static_redirect_collision
2368,Balkonik - AT02007,AT02007,10852,Balkonik AT02007,/products/balkonik-at02007,1,/balkonik---at02007-id-2368,NORMALIZED_TEXT,1,1,1,SAFE_FOR_OWNER_DECISION,0,0,PENDING,punctuation_or_unicode_normalization_only|low_semantic_token_count_reviewed|legacy_index_and_parent_sku_support_at02007|target_active|target_storefront_reachable|staging_http_200_verified|staging_self_canonical_verified|staging_h1_identity_verified|no_static_redirect_collision
2668,Rotor kończyn górnych i dolnych,2921,289,Rotor kończyn górnych i dolnych,/products/rotor-konczyn-gornych-i-dolnych,1,/rotor-konczyn-gornych-i-dolnych-id-2668,EXACT_TEXT,4,1,0,SAFE_FOR_OWNER_DECISION,0,0,PENDING,exact_product_name_identity|target_active|target_storefront_reachable|staging_http_200_verified|staging_self_canonical_verified|staging_h1_identity_verified|no_static_redirect_collision
2748,Stołek inwalidzki prysznicowy trójkątny,528010,121,Stołek inwalidzki prysznicowy trójkątny,/products/stolek-inwalidzki-prysznicowy-trojkatny,1,/stolek-inwalidzki-prysznicowy-trojkatny-id-2748,EXACT_TEXT,4,2,0,SAFE_FOR_OWNER_DECISION,0,0,PENDING,exact_product_name_identity|target_active|target_storefront_reachable|staging_http_200_verified|staging_self_canonical_verified|staging_h1_identity_verified|no_static_redirect_collision
2749,Stołek kąpielowy okrągły,US-600/90º,120,Stołek kąpielowy okrągły,/products/stolek-kapielowy-okragly,1,/stolek-kapielowy-okragly-id-2749,EXACT_TEXT,3,1,0,SAFE_FOR_OWNER_DECISION,0,0,PENDING,exact_product_name_identity|target_active|target_storefront_reachable|staging_http_200_verified|staging_self_canonical_verified|staging_h1_identity_verified|no_static_redirect_collision
2752,Nasadka toaletowa bez klapy,AT51117,10047,Nasadka toaletowa bez klapy,/products/nasadka-toaletowa-king-10-20-bez-klapy,2,/nasadka-toaletowa-bez-klapy-7153-id-2752|/nasadka-toaletowa-bez-klapy-id-2752,EXACT_TEXT,4,0,0,SAFE_FOR_OWNER_DECISION,0,0,PENDING,exact_product_name_identity|zero_active_variants_not_used_as_seo_identity_blocker|target_active|target_storefront_reachable|staging_http_200_verified|staging_self_canonical_verified|staging_h1_identity_verified|no_static_redirect_collision
2777,Balkonik inwalidzki kroczący,V0504026,84,Balkonik inwalidzki kroczący,/products/balkonik-inwalidzki-kroczacy,1,/balkonik-inwalidzki-kroczacy-id-2777,EXACT_TEXT,3,1,0,SAFE_FOR_OWNER_DECISION,0,0,PENDING,exact_product_name_identity|target_active|target_storefront_reachable|staging_http_200_verified|staging_self_canonical_verified|staging_h1_identity_verified|no_static_redirect_collision
2779,Balkonik inwalidzki dwukołowy z kulką,AT02007,85,Balkonik inwalidzki dwukołowy z kulką,/products/balkonik-inwalidzki-dwukolowy-z-kulka,1,/balkonik-inwalidzki-dwukolowy-z-kulka-id-2779,EXACT_TEXT,4,1,0,SAFE_FOR_OWNER_DECISION,0,0,PENDING,exact_product_name_identity|target_active|target_storefront_reachable|staging_http_200_verified|staging_self_canonical_verified|staging_h1_identity_verified|no_static_redirect_collision
2780,Schodołaz gąsienicowy LG 2004,LG,59,Schodołaz gąsienicowy LG 2004,/products/lg-2004,2,/schodolaz-gasienicowy-lg-2004-7200-id-2780|/schodolaz-gasienicowy-lg-2004-id-2780,EXACT_TEXT,2,2,0,SAFE_FOR_OWNER_DECISION,0,0,PENDING,exact_product_name_identity|target_active|target_storefront_reachable|staging_http_200_verified|staging_self_canonical_verified|staging_h1_identity_verified|no_static_redirect_collision
2781,Schodołaz gąsienicowy LG 2004 BASIC,LG,57,Schodołaz gąsienicowy LG 2004 BASIC,/products/lg-2004-basic-w-kolorze-bialym-lub-czerwonym,2,/schodolaz-gasienicowy-lg-2004-basic-83454-id-2781|/schodolaz-gasienicowy-lg-2004-basic-id-2781,EXACT_TEXT,3,2,0,SAFE_FOR_OWNER_DECISION,0,0,PENDING,exact_product_name_identity|target_active|target_storefront_reachable|staging_http_200_verified|staging_self_canonical_verified|staging_h1_identity_verified|no_static_redirect_collision
3098,ORTEZA KOŃCZYNY DOLNEJ AM-KDS-AM/2R,AM-KDS-AM/2R,8831,Orteza kończyny dolnej AM-KDS-AM/2R,/products/aparat-modulowy-konczyny-dolnej-z-szynami-2r-i-strzemieniem-do-buta-am-kds-am2r,2,/orteza-konczyny-dolnej-am-kds-am-2r-8092-id-3098|/orteza-konczyny-dolnej-am-kds-am-2r-id-3098,CASE_ONLY,3,0,0,SAFE_FOR_OWNER_DECISION,0,0,PENDING,case_only_name_difference|zero_active_variants_not_used_as_seo_identity_blocker|target_active|target_storefront_reachable|staging_http_200_verified|staging_self_canonical_verified|staging_h1_identity_verified|no_static_redirect_collision
3300,Kula łokciowa - SAFE WALK,SAFE,10990,Kula łokciowa SAFE WALK,/products/kula-lokciowa-safewalk,2,/kula-lokciowa-safe-walk-8742-id-3300|/kula-lokciowa-safe-walk-id-3300,NORMALIZED_TEXT,3,1,0,SAFE_FOR_OWNER_DECISION,0,0,PENDING,punctuation_or_unicode_normalization_only|target_active|target_storefront_reachable|staging_http_200_verified|staging_self_canonical_verified|staging_h1_identity_verified|no_static_redirect_collision
3301,Kula łokciowa - COMFORT,COMFORT,10986,Kula łokciowa comfort,/products/kula-lokciowa-comfort,2,/kula-lokciowa-comfort-8748-id-3301|/kula-lokciowa-comfort-id-3301,NORMALIZED_TEXT,2,1,0,SAFE_FOR_OWNER_DECISION,0,0,PENDING,punctuation_or_unicode_normalization_only|target_active|target_storefront_reachable|staging_http_200_verified|staging_self_canonical_verified|staging_h1_identity_verified|no_static_redirect_collision
3302,Kula łokciowa - OPTI-COMFORT,OPTI-COMFORT,10989,Kula łokciowa OPTI-COMFORT,/products/kula-lokciowa-opti-comfort,2,/kula-lokciowa-opti-comfort-8752-id-3302|/kula-lokciowa-opti-comfort-id-3302,NORMALIZED_TEXT,2,1,0,SAFE_FOR_OWNER_DECISION,0,0,PENDING,punctuation_or_unicode_normalization_only|target_active|target_storefront_reachable|staging_http_200_verified|staging_self_canonical_verified|staging_h1_identity_verified|no_static_redirect_collision
3304,Kula łokciowa ERGODYNAMIC,ERGODYNAMIC,10987,Kula łokciowa ERGODYNAMIC,/products/kula-lokciowa-ergodynamic,2,/kula-lokciowa-ergodynamic-8763-id-3304|/kula-lokciowa-ergodynamic-id-3304,EXACT_TEXT,2,1,0,SAFE_FOR_OWNER_DECISION,0,0,PENDING,exact_product_name_identity|target_active|target_storefront_reachable|staging_http_200_verified|staging_self_canonical_verified|staging_h1_identity_verified|no_static_redirect_collision
3543,Walker FX Pro - długi,FX,13348,Walker FX Pro - długi,/products/walker-fx-pro-dlugi,2,/walker-fx-pro-dlugi-9127-id-3543|/walker-fx-pro-dlugi-id-3543,EXACT_TEXT,3,3,0,SAFE_FOR_OWNER_DECISION,0,0,PENDING,exact_product_name_identity|target_active|target_storefront_reachable|staging_http_200_verified|staging_self_canonical_verified|staging_h1_identity_verified|no_static_redirect_collision
3544,Walker FX Pro - krótki,FX,13351,Walker FX Pro - krótki,/products/walker-fx-pro-krotki,2,/walker-fx-pro-krotki-9135-id-3544|/walker-fx-pro-krotki-id-3544,EXACT_TEXT,3,2,0,SAFE_FOR_OWNER_DECISION,0,0,PENDING,exact_product_name_identity|target_active|target_storefront_reachable|staging_http_200_verified|staging_self_canonical_verified|staging_h1_identity_verified|no_static_redirect_collision
3550,Body Armor Night Splint DARCO,Body,13491,Body Armor Night Splint DARCO,/products/body-armor-night-splint,2,/body-armor-night-splint-darco-9159-id-3550|/body-armor-night-splint-darco-id-3550,EXACT_TEXT,4,1,0,SAFE_FOR_OWNER_DECISION,0,0,PENDING,exact_product_name_identity|target_active|target_storefront_reachable|staging_http_200_verified|staging_self_canonical_verified|staging_h1_identity_verified|no_static_redirect_collision
4902,Orteza stawu kolanowego AS-SK/F,AS-SK/F,8924,Orteza stawu kolanowego AS-SK/F,/products/anatomiczna-orteza-stawu-kolanowego-z-fiszbinami-ortopedycznymi-as-skf,2,/orteza-stawu-kolanowego-as-sk-f-27510-id-4902|/orteza-stawu-kolanowego-as-sk-f-id-4902,EXACT_TEXT,3,0,0,SAFE_FOR_OWNER_DECISION,0,0,PENDING,exact_product_name_identity|zero_active_variants_not_used_as_seo_identity_blocker|target_active|target_storefront_reachable|staging_http_200_verified|staging_self_canonical_verified|staging_h1_identity_verified|no_static_redirect_collision
4903,Orteza kończyny dolnej COMPLEX/2R,COMPLEX/2R,8834,Orteza kończyny dolnej COMPLEX/2R,/products/complex,1,/orteza-konczyny-dolnej-complex-2r-id-4903,EXACT_TEXT,3,0,0,SAFE_FOR_OWNER_DECISION,0,0,PENDING,exact_product_name_identity|zero_active_variants_not_used_as_seo_identity_blocker|target_active|target_storefront_reachable|staging_http_200_verified|staging_self_canonical_verified|staging_h1_identity_verified|no_static_redirect_collision
4919,Orteza kończyny dolnej OKD-10,OKD-10,8836,Orteza kończyny dolnej OKD-10,/products/orteza-konczyny-dolnej-okd-10,2,/orteza-konczyny-dolnej-okd-10-27564-id-4919|/orteza-konczyny-dolnej-okd-10-id-4919,EXACT_TEXT,3,0,0,SAFE_FOR_OWNER_DECISION,0,0,PENDING,exact_product_name_identity|zero_active_variants_not_used_as_seo_identity_blocker|target_active|target_storefront_reachable|staging_http_200_verified|staging_self_canonical_verified|staging_h1_identity_verified|no_static_redirect_collision
4921,Orteza kończyny dolnej OKD-14,OKD-14,8838,Orteza kończyny dolnej OKD-14,/products/orteza-konczyny-dolnej-okd-14,2,/orteza-konczyny-dolnej-okd-14-27568-id-4921|/orteza-konczyny-dolnej-okd-14-id-4921,EXACT_TEXT,3,0,0,SAFE_FOR_OWNER_DECISION,0,0,PENDING,exact_product_name_identity|zero_active_variants_not_used_as_seo_identity_blocker|target_active|target_storefront_reachable|staging_http_200_verified|staging_self_canonical_verified|staging_h1_identity_verified|no_static_redirect_collision
4939,Orteza kończyny dolnej AS-SK/A,AS-SK/A,8874,Orteza kończyny dolnej AS-SK/A,/products/anatomiczna-orteza-stawu-kolanowego-z-szynami-elastycznymi-i-wzmocnieniem-acl-as-ska,2,/orteza-konczyny-dolnej-as-ska-27605-id-4939|/orteza-konczyny-dolnej-as-ska-id-4939,EXACT_TEXT,3,0,0,SAFE_FOR_OWNER_DECISION,0,0,PENDING,exact_product_name_identity|zero_active_variants_not_used_as_seo_identity_blocker|target_active|target_storefront_reachable|staging_http_200_verified|staging_self_canonical_verified|staging_h1_identity_verified|no_static_redirect_collision
4942,Orteza kolana AS-P/RZ,AS-P/RZ,8940,Orteza kolana AS-P/RZ,/products/orteza-kolana-as-p-rz,1,/orteza-kolana-as-p-rz-id-4942,EXACT_TEXT,2,0,0,SAFE_FOR_OWNER_DECISION,0,0,PENDING,exact_product_name_identity|zero_active_variants_not_used_as_seo_identity_blocker|target_active|target_storefront_reachable|staging_http_200_verified|staging_self_canonical_verified|staging_h1_identity_verified|no_static_redirect_collision
5430,Orteza kończyny dolnej OKD-14 DUAL,OKD-14,8839,Orteza kończyny dolnej OKD-14 DUAL,/products/orteza-konczyny-dolnej-okd-14-dual,2,/orteza-konczyny-dolnej-okd-14-dual-28627-id-5430|/orteza-konczyny-dolnej-okd-14-dual-id-5430,EXACT_TEXT,4,0,0,SAFE_FOR_OWNER_DECISION,0,0,PENDING,exact_product_name_identity|zero_active_variants_not_used_as_seo_identity_blocker|target_active|target_storefront_reachable|staging_http_200_verified|staging_self_canonical_verified|staging_h1_identity_verified|no_static_redirect_collision
5439,DODATKOWE USZTYWNIENIE PALCA DO ORTEZY AM-D-03,USZTYWNIENIE,9044,Dodatkowe usztywnienie palca do ortezy AM-D-03,/products/dodatkowe-usztywnienie-palca-do-ortezy-am-d-03,1,/dodatkowe-usztywnienie-palca-do-ortezy-am-d-03-id-5439,CASE_ONLY,3,0,0,SAFE_FOR_OWNER_DECISION,0,0,PENDING,case_only_name_difference|zero_active_variants_not_used_as_seo_identity_blocker|target_active|target_storefront_reachable|staging_http_200_verified|staging_self_canonical_verified|staging_h1_identity_verified|no_static_redirect_collision
6365,Orteza tułowia AM-PES-06 BEŻ,AM-PES-06,9157,Orteza tułowia AM-PES-06 BEŻ,/products/orteza-tulowia-am-pes-06-3,2,/orteza-tulowia-am-pes-06-bez-37640-id-6365|/orteza-tulowia-am-pes-06-bez-id-6365,EXACT_TEXT,3,0,0,SAFE_FOR_OWNER_DECISION,0,0,PENDING,exact_product_name_identity|zero_active_variants_not_used_as_seo_identity_blocker|target_active|target_storefront_reachable|staging_http_200_verified|staging_self_canonical_verified|staging_h1_identity_verified|no_static_redirect_collision
6366,Orteza tułowia AM-PES-06 Czarny melanż,AM-PES-06,9156,Orteza tułowia AM-PES-06 CZARNY MELANŻ,/products/orteza-tulowia-am-pes-06-2,2,/orteza-tulowia-am-pes-06-czarny-melanz-37643-id-6366|/orteza-tulowia-am-pes-06-czarny-melanz-id-6366,CASE_ONLY,4,0,0,SAFE_FOR_OWNER_DECISION,0,0,PENDING,case_only_name_difference|zero_active_variants_not_used_as_seo_identity_blocker|target_active|target_storefront_reachable|staging_http_200_verified|staging_self_canonical_verified|staging_h1_identity_verified|no_static_redirect_collision
6367,Orteza tułowia AM-PES-06 SZARY,AM-PES-06,9155,Orteza tułowia AM-PES-06 SZARY,/products/orteza-tulowia-am-pes-06,2,/orteza-tulowia-am-pes-06-szary-37650-id-6367|/orteza-tulowia-am-pes-06-szary-id-6367,EXACT_TEXT,3,0,0,SAFE_FOR_OWNER_DECISION,0,0,PENDING,exact_product_name_identity|zero_active_variants_not_used_as_seo_identity_blocker|target_active|target_storefront_reachable|staging_http_200_verified|staging_self_canonical_verified|staging_h1_identity_verified|no_static_redirect_collision
6626,"Poduszka ortopedyczna ""półwałek"" ""EXCLUSIVE SUPPORT""",MFP-4220,13245,Poduszka ortopedyczna półwałek „EXCLUSIVE SUPPORT”,/products/poduszka-ortopedyczna-polwalek-exclusive-support,1,/poduszka-ortopedyczna-polwalek-exclusive-support-id-6626,NORMALIZED_TEXT,5,1,0,SAFE_FOR_OWNER_DECISION,0,0,PENDING,punctuation_or_unicode_normalization_only|target_active|target_storefront_reachable|staging_http_200_verified|staging_self_canonical_verified|staging_h1_identity_verified|no_static_redirect_collision
6629,Dynamiczna poduszka do siedzenia DYNAPAD BALANCE,DSC-37,13094,Dynamiczna poduszka do siedzenia „DYNAPAD BALANCE”,/products/dynamiczna-poduszka-do-siedzenia-dynapad-balance,1,/dynamiczna-poduszka-do-siedzenia-dynapad-balance-id-6629,NORMALIZED_TEXT,5,1,0,SAFE_FOR_OWNER_DECISION,0,0,PENDING,punctuation_or_unicode_normalization_only|target_active|target_storefront_reachable|staging_http_200_verified|staging_self_canonical_verified|staging_h1_identity_verified|no_static_redirect_collision
6634,Piłka rehabilitacyjna ABS,ABS,10652,Piłka rehabilitacyjna ABS,/products/pilka-rehabilitacyjna-abs-45cm,2,/pilka-rehabilitacyjna-abs-66357-id-6634|/pilka-rehabilitacyjna-abs-id-6634,EXACT_TEXT,2,0,0,SAFE_FOR_OWNER_DECISION,0,0,PENDING,exact_product_name_identity|zero_active_variants_not_used_as_seo_identity_blocker|target_active|target_storefront_reachable|staging_http_200_verified|staging_self_canonical_verified|staging_h1_identity_verified|no_static_redirect_collision
6651,Laska inwalidzka aluminiowa - składana,AR-015,13137,Laska inwalidzka aluminiowa – składana,/products/laska-inwalidzka-aluminiowa-skladana-armedical-723f6ffac3,2,/laska-inwalidzka-aluminiowa-skladana-70782-id-6651|/laska-inwalidzka-aluminiowa-skladana-id-6651,NORMALIZED_TEXT,4,1,0,SAFE_FOR_OWNER_DECISION,0,0,PENDING,punctuation_or_unicode_normalization_only|target_active|target_storefront_reachable|staging_http_200_verified|staging_self_canonical_verified|staging_h1_identity_verified|no_static_redirect_collision
6662,"Balkonik aluminiowy – składany, 3-funkcyjny",AR-008,13085,"Balkonik aluminiowy – składany, 3-funkcyjny",/products/balkonik-aluminiowy-skladany-3-funkcyjny,2,/balkonik-aluminiowy-skladany-3-funkcyjny-70771-id-6662|/balkonik-aluminiowy-skladany-3-funkcyjny-id-6662,EXACT_TEXT,4,1,0,SAFE_FOR_OWNER_DECISION,0,0,PENDING,exact_product_name_identity|target_active|target_storefront_reachable|staging_http_200_verified|staging_self_canonical_verified|staging_h1_identity_verified|no_static_redirect_collision
6665,Podpórka rehabilitacyjna dwukołowa. DELUXE,AR-021,13235,Podpórka rehabilitacyjna dwukołowa. DELUXE,/products/podporka-rehabilitacyjna-dwukolowa-deluxe,1,/podporka-rehabilitacyjna-dwukolowa-deluxe-id-6665,EXACT_TEXT,4,1,0,SAFE_FOR_OWNER_DECISION,0,0,PENDING,exact_product_name_identity|target_active|target_storefront_reachable|staging_http_200_verified|staging_self_canonical_verified|staging_h1_identity_verified|no_static_redirect_collision
7327,Orteza nadgarstka EB-N-01 SZARY,EB-N-01,9075,Orteza nadgarstka EB-N-01 SZARY,/products/wzmocniona-orteza-nadgarstka-profit-eb-n-01,2,/orteza-nadgarstka-eb-n-01-szary-43690-id-7327|/orteza-nadgarstka-eb-n-01-szary-id-7327,EXACT_TEXT,3,0,0,SAFE_FOR_OWNER_DECISION,0,0,PENDING,exact_product_name_identity|zero_active_variants_not_used_as_seo_identity_blocker|target_active|target_storefront_reachable|staging_http_200_verified|staging_self_canonical_verified|staging_h1_identity_verified|no_static_redirect_collision
7334,Orteza kończyny dolnej RAPTOR/2 SHORT,RAPTOR,8935,Orteza kończyny dolnej RAPTOR/2 SHORT,/products/orteza-konczyny-dolnej-raptor-2-short,2,/orteza-konczyny-dolnej-raptor-2-short-43715-id-7334|/orteza-konczyny-dolnej-raptor-2-short-id-7334,EXACT_TEXT,4,0,0,SAFE_FOR_OWNER_DECISION,0,0,PENDING,exact_product_name_identity|zero_active_variants_not_used_as_seo_identity_blocker|target_active|target_storefront_reachable|staging_http_200_verified|staging_self_canonical_verified|staging_h1_identity_verified|no_static_redirect_collision
7368,P-SS-02 Wałek podkolanowy,P-SS-02,9341,P-SS-02 Wałek podkolanowy,/products/walek-podkolanowy-p-ss-02,2,/p-ss-02-walek-podkolanowy-43765-id-7368|/p-ss-02-walek-podkolanowy-id-7368,EXACT_TEXT,2,0,0,SAFE_FOR_OWNER_DECISION,0,0,PENDING,exact_product_name_identity|zero_active_variants_not_used_as_seo_identity_blocker|target_active|target_storefront_reachable|staging_http_200_verified|staging_self_canonical_verified|staging_h1_identity_verified|no_static_redirect_collision
7371,P-SS-09 Krążek przeciwodleżynowy,P-SS-09,9261,P-SS-09 Krążek przeciwodleżynowy,/products/krazek-przeciwodlezynowy-p-ss-09,2,/p-ss-09-krazek-przeciwodlezynowy-43769-id-7371|/p-ss-09-krazek-przeciwodlezynowy-id-7371,EXACT_TEXT,2,0,0,SAFE_FOR_OWNER_DECISION,0,0,PENDING,exact_product_name_identity|zero_active_variants_not_used_as_seo_identity_blocker|target_active|target_storefront_reachable|staging_http_200_verified|staging_self_canonical_verified|staging_h1_identity_verified|no_static_redirect_collision
7372,P-SS-10 Klin podkolanowy,P-SS-10,9343,P-SS-10 Klin podkolanowy,/products/klin-podkolanowy-p-ss-10,2,/p-ss-10-klin-podkolanowy-43772-id-7372|/p-ss-10-klin-podkolanowy-id-7372,EXACT_TEXT,2,0,0,SAFE_FOR_OWNER_DECISION,0,0,PENDING,exact_product_name_identity|zero_active_variants_not_used_as_seo_identity_blocker|target_active|target_storefront_reachable|staging_http_200_verified|staging_self_canonical_verified|staging_h1_identity_verified|no_static_redirect_collision
7390,P-SS-31 Uniwersalna poduszka,P-SS-31,9270,P-SS-31 Uniwersalna poduszka,/products/uniwersalna-poduszka-p-ss-31,2,/p-ss-31-uniwersalna-poduszka-43805-id-7390|/p-ss-31-uniwersalna-poduszka-id-7390,EXACT_TEXT,2,0,0,SAFE_FOR_OWNER_DECISION,0,0,PENDING,exact_product_name_identity|zero_active_variants_not_used_as_seo_identity_blocker|target_active|target_storefront_reachable|staging_http_200_verified|staging_self_canonical_verified|staging_h1_identity_verified|no_static_redirect_collision
7391,K-SS-01 Klin termoaktywny kończyny górnej,K-SS-01,9310,K-SS-01 Klin termoaktywny kończyny górnej,/products/klin-termoaktywny-konczyny-gornej-k-ss-01,2,/k-ss-01-klin-termoaktywny-konczyny-gornej-43807-id-7391|/k-ss-01-klin-termoaktywny-konczyny-gornej-id-7391,EXACT_TEXT,4,0,0,SAFE_FOR_OWNER_DECISION,0,0,PENDING,exact_product_name_identity|zero_active_variants_not_used_as_seo_identity_blocker|target_active|target_storefront_reachable|staging_http_200_verified|staging_self_canonical_verified|staging_h1_identity_verified|no_static_redirect_collision
7699,Podpórka pod plecy JMC-C 7000,JMC-C,10083,Podpórka pod plecy - JMC-C 7000,/products/podporka-pod-plecy-model-jmc-c-7000,1,/podporka-pod-plecy-jmc-c-7000-id-7699,NORMALIZED_TEXT,3,0,0,SAFE_FOR_OWNER_DECISION,0,0,PENDING,punctuation_or_unicode_normalization_only|zero_active_variants_not_used_as_seo_identity_blocker|target_active|target_storefront_reachable|staging_http_200_verified|staging_self_canonical_verified|staging_h1_identity_verified|no_static_redirect_collision
7792,Orteza nadgarstka EB-N BEŻ,EB-N,9089,Orteza nadgarstka EB-N BEŻ,/products/orteza-nadgarstka-eb-n-bez,2,/orteza-nadgarstka-eb-n-bez-45219-id-7792|/orteza-nadgarstka-eb-n-bez-id-7792,EXACT_TEXT,3,0,0,SAFE_FOR_OWNER_DECISION,0,0,PENDING,exact_product_name_identity|zero_active_variants_not_used_as_seo_identity_blocker|target_active|target_storefront_reachable|staging_http_200_verified|staging_self_canonical_verified|staging_h1_identity_verified|no_static_redirect_collision
8197,Eco Pool podnośnik basenowy,Eco,144,ECO POOL Podnośnik basenowy,/products/podnosnik-basenowy-eco-pool,1,/eco-pool-podnosnik-basenowy-id-8197,CASE_ONLY,3,1,0,SAFE_FOR_OWNER_DECISION,0,0,PENDING,case_only_name_difference|target_active|target_storefront_reachable|staging_http_200_verified|staging_self_canonical_verified|staging_h1_identity_verified|no_static_redirect_collision
8199,Okrągły stołek prysznicowy z obrotowym siedziskiem,FS,119,Okrągły stołek prysznicowy z obrotowym siedziskiem,/products/okragly-stolek-z-obrotowym-siedziskiem,1,/okragly-stolek-prysznicowy-z-obrotowym-siedziskiem-id-8199,EXACT_TEXT,5,1,0,SAFE_FOR_OWNER_DECISION,0,0,PENDING,exact_product_name_identity|target_active|target_storefront_reachable|staging_http_200_verified|staging_self_canonical_verified|staging_h1_identity_verified|no_static_redirect_collision
8372,Orteza stopy i stawu skokowego AM-OSS-03,AM-OSS-03,8969,Orteza stopy i stawu skokowego AM-OSS-03,/products/sznurowana-orteza-stawu-skokowego-z-bocznym-wzmocnieniem-am-oss-03,2,/orteza-stopy-i-stawu-skokowego-am-oss-03-48647-id-8372|/orteza-stopy-i-stawu-skokowego-am-oss-03-id-8372,EXACT_TEXT,4,0,0,SAFE_FOR_OWNER_DECISION,0,0,PENDING,exact_product_name_identity|zero_active_variants_not_used_as_seo_identity_blocker|target_active|target_storefront_reachable|staging_http_200_verified|staging_self_canonical_verified|staging_h1_identity_verified|no_static_redirect_collision
8791,Posterior Splint 90,N-03,13493,Posterior Splint 90°,/products/posterior-splint-90,2,/posterior-splint-90-50714-id-8791|/posterior-splint-90-id-8791,NORMALIZED_TEXT,2,3,0,SAFE_FOR_OWNER_DECISION,0,0,PENDING,punctuation_or_unicode_normalization_only|target_active|target_storefront_reachable|staging_http_200_verified|staging_self_canonical_verified|staging_h1_identity_verified|no_static_redirect_collision
8792,Posterior Splint 110,RAPTOR,13492,Posterior Splint 110°,/products/posterior-splint-110,2,/posterior-splint-110-50716-id-8792|/posterior-splint-110-id-8792,NORMALIZED_TEXT,2,3,0,SAFE_FOR_OWNER_DECISION,0,0,PENDING,punctuation_or_unicode_normalization_only|target_active|target_storefront_reachable|staging_http_200_verified|staging_self_canonical_verified|staging_h1_identity_verified|no_static_redirect_collision
8818,Orteza kręgosłupa OT-07 beżowy,OT-07,9219,Orteza kręgosłupa OT-07 BEŻOWY,/products/orteza-kregoslupa-ot-07-beige,2,/orteza-kregoslupa-ot-07-bezowy-50786-id-8818|/orteza-kregoslupa-ot-07-bezowy-id-8818,CASE_ONLY,3,0,0,SAFE_FOR_OWNER_DECISION,0,0,PENDING,case_only_name_difference|zero_active_variants_not_used_as_seo_identity_blocker|target_active|target_storefront_reachable|staging_http_200_verified|staging_self_canonical_verified|staging_h1_identity_verified|no_static_redirect_collision
8891,Orteza kończyny dolnej EB-SK/2RA CZARNY MELANŻ,EB-SK/2RA,8880,Orteza kończyny dolnej EB-SK/2RA CZARNY MELANŻ,/products/orteza-konczyny-dolnej-eb-sk-2ra-czarny,2,/orteza-konczyny-dolnej-eb-sk-2ra-czarny-melanz-51217-id-8891|/orteza-konczyny-dolnej-eb-sk-2ra-czarny-melanz-id-8891,EXACT_TEXT,5,0,0,SAFE_FOR_OWNER_DECISION,0,0,PENDING,exact_product_name_identity|zero_active_variants_not_used_as_seo_identity_blocker|target_active|target_storefront_reachable|staging_http_200_verified|staging_self_canonical_verified|staging_h1_identity_verified|no_static_redirect_collision
8892,Orteza kończyny dolnej ACL CCA,AM-OSK-ZL/2RA-ACL,8871,Orteza kończyny dolnej ACL CCA,/products/orteza-szynowo-opaskowa-konczyny-dolnej-z-systemem-dynamicznym-acl-power-am-osk-zl2ra-acl,2,/orteza-konczyny-dolnej-acl-cca-51224-id-8892|/orteza-konczyny-dolnej-acl-cca-id-8892,EXACT_TEXT,4,0,0,SAFE_FOR_OWNER_DECISION,0,0,PENDING,exact_product_name_identity|zero_active_variants_not_used_as_seo_identity_blocker|target_active|target_storefront_reachable|staging_http_200_verified|staging_self_canonical_verified|staging_h1_identity_verified|no_static_redirect_collision
8963,Orteza nadgarstka EB-N CZARNY MELANŻ,EB-N,9088,Orteza nadgarstka EB-N CZARNY MELANŻ,/products/orteza-nadgarstka-eb-n-czarny,2,/orteza-nadgarstka-eb-n-czarny-melanz-51472-id-8963|/orteza-nadgarstka-eb-n-czarny-melanz-id-8963,EXACT_TEXT,4,0,0,SAFE_FOR_OWNER_DECISION,0,0,PENDING,exact_product_name_identity|zero_active_variants_not_used_as_seo_identity_blocker|target_active|target_storefront_reachable|staging_http_200_verified|staging_self_canonical_verified|staging_h1_identity_verified|no_static_redirect_collision
8964,Orteza nadgarstka EB-N SZARY,EB-N,9087,Orteza nadgarstka EB-N SZARY,/products/orteza-nadgarstka-profit-eb-n,2,/orteza-nadgarstka-eb-n-szary-51480-id-8964|/orteza-nadgarstka-eb-n-szary-id-8964,EXACT_TEXT,3,0,0,SAFE_FOR_OWNER_DECISION,0,0,PENDING,exact_product_name_identity|zero_active_variants_not_used_as_seo_identity_blocker|target_active|target_storefront_reachable|staging_http_200_verified|staging_self_canonical_verified|staging_h1_identity_verified|no_static_redirect_collision
8965,Orteza nadgarstka EB-N-01 BEŻ,EB-N-01,9074,Orteza nadgarstka EB-N-01 BEŻ,/products/orteza-nadgarstka-eb-n-01-bez,2,/orteza-nadgarstka-eb-n-01-bez-51488-id-8965|/orteza-nadgarstka-eb-n-01-bez-id-8965,EXACT_TEXT,3,0,0,SAFE_FOR_OWNER_DECISION,0,0,PENDING,exact_product_name_identity|zero_active_variants_not_used_as_seo_identity_blocker|target_active|target_storefront_reachable|staging_http_200_verified|staging_self_canonical_verified|staging_h1_identity_verified|no_static_redirect_collision
8966,Orteza nadgarstka EB-N-01 CZARNY MELANŻ,EB-N-01,9076,Orteza nadgarstka EB-N-01 CZARNY MELANŻ,/products/orteza-nadgarstka-eb-n-01-czarny,2,/orteza-nadgarstka-eb-n-01-czarny-melanz-51496-id-8966|/orteza-nadgarstka-eb-n-01-czarny-melanz-id-8966,EXACT_TEXT,4,0,0,SAFE_FOR_OWNER_DECISION,0,0,PENDING,exact_product_name_identity|zero_active_variants_not_used_as_seo_identity_blocker|target_active|target_storefront_reachable|staging_http_200_verified|staging_self_canonical_verified|staging_h1_identity_verified|no_static_redirect_collision
8967,Orteza nadgarstka EB-N-02 BEŻ,EB-N-02,9077,Orteza nadgarstka EB-N-02 BEŻ,/products/orteza-nadgarstka-eb-n-02-bez,2,/orteza-nadgarstka-eb-n-02-bez-51504-id-8967|/orteza-nadgarstka-eb-n-02-bez-id-8967,EXACT_TEXT,3,0,0,SAFE_FOR_OWNER_DECISION,0,0,PENDING,exact_product_name_identity|zero_active_variants_not_used_as_seo_identity_blocker|target_active|target_storefront_reachable|staging_http_200_verified|staging_self_canonical_verified|staging_h1_identity_verified|no_static_redirect_collision
8968,Orteza nadgarstka EB-N-02 CZARNY MELANŻ,EB-N-02,9078,Orteza nadgarstka EB-N-02 CZARNY MELANŻ,/products/orteza-nadgarstka-eb-n-02-czarny-melanz,2,/orteza-nadgarstka-eb-n-02-czarny-melanz-51512-id-8968|/orteza-nadgarstka-eb-n-02-czarny-melanz-id-8968,EXACT_TEXT,4,0,0,SAFE_FOR_OWNER_DECISION,0,0,PENDING,exact_product_name_identity|zero_active_variants_not_used_as_seo_identity_blocker|target_active|target_storefront_reachable|staging_http_200_verified|staging_self_canonical_verified|staging_h1_identity_verified|no_static_redirect_collision
8975,Orteza kręgosłupa OT-07 czarny,OT-07,9218,Orteza kręgosłupa OT-07 CZARNY,/products/orteza-kregoslupa-ot-07-black,2,/orteza-kregoslupa-ot-07-czarny-51557-id-8975|/orteza-kregoslupa-ot-07-czarny-id-8975,CASE_ONLY,3,0,0,SAFE_FOR_OWNER_DECISION,0,0,PENDING,case_only_name_difference|zero_active_variants_not_used_as_seo_identity_blocker|target_active|target_storefront_reachable|staging_http_200_verified|staging_self_canonical_verified|staging_h1_identity_verified|no_static_redirect_collision
9237,Orteza kończyny dolnej AM-KD-AM/2R,AM-KD-AM/2R,8825,Orteza kończyny dolnej AM-KD-AM/2R,/products/aparat-szynowo-opaskowy-konczyny-dolnej-z-szynami-2r-am-kd-am2r,2,/orteza-konczyny-dolnej-am-kd-am-2r-60127-id-9237|/orteza-konczyny-dolnej-am-kd-am-2r-id-9237,EXACT_TEXT,3,0,0,SAFE_FOR_OWNER_DECISION,0,0,PENDING,exact_product_name_identity|zero_active_variants_not_used_as_seo_identity_blocker|target_active|target_storefront_reachable|staging_http_200_verified|staging_self_canonical_verified|staging_h1_identity_verified|no_static_redirect_collision
9241,Orteza kończyny dolnej OKD-10 DUAL,OKD-10,8837,Orteza kończyny dolnej OKD-10 DUAL,/products/orteza-konczyny-dolnej-okd-10-dual,1,/orteza-konczyny-dolnej-okd-10-dual-id-9241,EXACT_TEXT,4,0,0,SAFE_FOR_OWNER_DECISION,0,0,PENDING,exact_product_name_identity|zero_active_variants_not_used_as_seo_identity_blocker|target_active|target_storefront_reachable|staging_http_200_verified|staging_self_canonical_verified|staging_h1_identity_verified|no_static_redirect_collision
9304,Elektryczny fotel pionizujący OLIMPIA,OLIMPIA,286,Elektryczny fotel pionizujący OLIMPIA,/products/elektryczny-fotel-pionizujacy-olimpia,2,/elektryczny-fotel-pionizujacy-olimpia-60274-id-9304|/elektryczny-fotel-pionizujacy-olimpia-id-9304,EXACT_TEXT,3,2,0,SAFE_FOR_OWNER_DECISION,0,0,PENDING,exact_product_name_identity|target_active|target_storefront_reachable|staging_http_200_verified|staging_self_canonical_verified|staging_h1_identity_verified|no_static_redirect_collision
9420,Orteza kolana R4M-SK/F,R4M-SK/F,8944,Orteza kolana R4M-SK/F,/products/orteza-kolana-r4m-sk-f,2,/orteza-kolana-r4m-sk-f-60423-id-9420|/orteza-kolana-r4m-sk-f-id-9420,EXACT_TEXT,2,0,0,SAFE_FOR_OWNER_DECISION,0,0,PENDING,exact_product_name_identity|zero_active_variants_not_used_as_seo_identity_blocker|target_active|target_storefront_reachable|staging_http_200_verified|staging_self_canonical_verified|staging_h1_identity_verified|no_static_redirect_collision
9654,UCHWYT DO WC,UWC,11375,Uchwyt do WC,/products/uchwyt-do-wc,2,/uchwyt-do-wc-61156-id-9654|/uchwyt-do-wc-id-9654,CASE_ONLY,1,0,1,SAFE_FOR_OWNER_DECISION,0,0,PENDING,case_only_name_difference|low_semantic_token_count_reviewed|zero_active_variants_not_used_as_seo_identity_blocker|case_only_exact_name_identity_confirmed_by_staging_h1|target_active|target_storefront_reachable|staging_http_200_verified|staging_self_canonical_verified|staging_h1_identity_verified|no_static_redirect_collision
9656,UCHWYT KĄTOWY,UK,11376,Uchwyt kątowy,/products/uchwyt-katowy,2,/uchwyt-katowy-61158-id-9656|/uchwyt-katowy-id-9656,CASE_ONLY,2,0,0,SAFE_FOR_OWNER_DECISION,0,0,PENDING,case_only_name_difference|zero_active_variants_not_used_as_seo_identity_blocker|target_active|target_storefront_reachable|staging_http_200_verified|staging_self_canonical_verified|staging_h1_identity_verified|no_static_redirect_collision
9824,ACTIV - Peeling Gel 150ml,ACTIV,1768,ACTIV - Peeling Gel 150ml,/products/activ-peeling-gel-150ml,1,/activ---peeling-gel-150ml-id-9824,EXACT_TEXT,3,1,0,SAFE_FOR_OWNER_DECISION,0,0,PENDING,exact_product_name_identity|target_active|target_storefront_reachable|staging_http_200_verified|staging_self_canonical_verified|staging_h1_identity_verified|no_static_redirect_collision
10090,Poduszka ortopedyczna Morfeusz Klasyczny,660,10746,Poduszka ortopedyczna Morfeusz Klasyczny,/products/poduszka-ortopedyczna-morfeusz-klasyczny-660,1,/poduszka-ortopedyczna-morfeusz-klasyczny-id-10090,EXACT_TEXT,4,0,0,SAFE_FOR_OWNER_DECISION,0,0,PENDING,exact_product_name_identity|zero_active_variants_not_used_as_seo_identity_blocker|target_active|target_storefront_reachable|staging_http_200_verified|staging_self_canonical_verified|staging_h1_identity_verified|no_static_redirect_collision
10092,Poduszka ortopedyczna Morfeusz Delikatny,664,10745,Poduszka ortopedyczna Morfeusz Delikatny,/products/poduszka-ortopedyczna-morfeusz-delikatny-664,1,/poduszka-ortopedyczna-morfeusz-delikatny-id-10092,EXACT_TEXT,4,0,0,SAFE_FOR_OWNER_DECISION,0,0,PENDING,exact_product_name_identity|zero_active_variants_not_used_as_seo_identity_blocker|target_active|target_storefront_reachable|staging_http_200_verified|staging_self_canonical_verified|staging_h1_identity_verified|no_static_redirect_collision
10440,Koncentrator tlenu z nebulizatorem,TP-B1,10969,Koncentrator tlenu z nebulizatorem,/products/koncentrator-tlenu-z-nebulizatorem,1,/koncentrator-tlenu-z-nebulizatorem-id-10440,EXACT_TEXT,3,0,0,SAFE_FOR_OWNER_DECISION,0,0,PENDING,exact_product_name_identity|zero_active_variants_not_used_as_seo_identity_blocker|target_active|target_storefront_reachable|staging_http_200_verified|staging_self_canonical_verified|staging_h1_identity_verified|no_static_redirect_collision
10451,PIŁKA DO REHABILITACJI Z SYSTEMEM ABS,ABS,11185,Piłka do rehabilitacji z systemem ABS,/products/pilka-do-rehabilitacji-z-systemem-abs-55-cm-at51406,2,/pilka-do-rehabilitacji-z-systemem-abs-70564-id-10451|/pilka-do-rehabilitacji-z-systemem-abs-id-10451,CASE_ONLY,3,0,0,SAFE_FOR_OWNER_DECISION,0,0,PENDING,case_only_name_difference|zero_active_variants_not_used_as_seo_identity_blocker|target_active|target_storefront_reachable|staging_http_200_verified|staging_self_canonical_verified|staging_h1_identity_verified|no_static_redirect_collision
10575,FootWave HARD BALL Twarda piłka do masażu stóp,FootWave,14335,FOOTWAVE™ HARD BALL Twarda piłka do masażu stóp,/products/footwave-hard-ball-twarda-pilka-do-masazu-stop,1,/footwave-hard-ball-twarda-pilka-do-masazu-stop-id-10575,TEXT_DIVERGENCE,6,1,1,SAFE_FOR_OWNER_DECISION,0,0,PENDING,trademark_symbol_presentation_only|identifier_and_parent_sku_support|target_active|target_storefront_reachable|staging_http_200_verified|staging_self_canonical_verified|staging_h1_identity_verified|no_static_redirect_collision
10580,FootWave™ BALL Piłka do ćwiczeń,FootWave,14372,FOOTWAVE™ BALL Piłka do ćwiczeń,/products/footwave-ball-pilka-do-cwiczen,1,/footwave-ball-pilka-do-cwiczen-id-10580,CASE_ONLY,3,1,0,SAFE_FOR_OWNER_DECISION,0,0,PENDING,case_only_name_difference|target_active|target_storefront_reachable|staging_http_200_verified|staging_self_canonical_verified|staging_h1_identity_verified|no_static_redirect_collision
10594,FootWave™ HALLUX,EB-LK-02,14340,FootWave™ HALLUX,/products/footwave-hallux,2,/footwave-hallux-70988-id-10594|/footwave-hallux-id-10594,EXACT_TEXT,2,5,0,SAFE_FOR_OWNER_DECISION,0,0,PENDING,exact_product_name_identity|target_active|target_storefront_reachable|staging_http_200_verified|staging_self_canonical_verified|staging_h1_identity_verified|no_static_redirect_collision
10595,FootWave™ KIDS SUPI,103570,14337,FootWave™ KIDS SUPI,/products/footwave-kids-supi,2,/footwave-kids-supi-70987-id-10595|/footwave-kids-supi-id-10595,EXACT_TEXT,3,4,0,SAFE_FOR_OWNER_DECISION,0,0,PENDING,exact_product_name_identity|target_active|target_storefront_reachable|staging_http_200_verified|staging_self_canonical_verified|staging_h1_identity_verified|no_static_redirect_collision
10597,FootWave™ KIDS SUPI PRO,255619,14338,FootWave™ KIDS SUPI PRO,/products/footwave-kids-supi-pro,2,/footwave-kids-supi-pro-70979-id-10597|/footwave-kids-supi-pro-id-10597,EXACT_TEXT,4,4,0,SAFE_FOR_OWNER_DECISION,0,0,PENDING,exact_product_name_identity|target_active|target_storefront_reachable|staging_http_200_verified|staging_self_canonical_verified|staging_h1_identity_verified|no_static_redirect_collision
10598,FootWave™ PŁASKOSTOPIE,IO62,14343,FootWave™ PŁASKOSTOPIE,/products/footwave-plaskostopie,2,/footwave-plaskostopie-70971-id-10598|/footwave-plaskostopie-id-10598,EXACT_TEXT,2,5,0,SAFE_FOR_OWNER_DECISION,0,0,PENDING,exact_product_name_identity|target_active|target_storefront_reachable|staging_http_200_verified|staging_self_canonical_verified|staging_h1_identity_verified|no_static_redirect_collision
10599,FootWave™ OSTROGA PIĘTOWA,63BD-72394,14339,FootWave™ OSTROGA PIĘTOWA,/products/footwave-ostroga-pietowa,2,/footwave-ostroga-pietowa-70966-id-10599|/footwave-ostroga-pietowa-id-10599,EXACT_TEXT,3,5,0,SAFE_FOR_OWNER_DECISION,0,0,PENDING,exact_product_name_identity|target_active|target_storefront_reachable|staging_http_200_verified|staging_self_canonical_verified|staging_h1_identity_verified|no_static_redirect_collision
10604,FootWave™ LADY VERSA,K-SS-01,14352,FootWave™ LADY VERSA,/products/footwave-lady-versa,2,/footwave-lady-versa-70944-id-10604|/footwave-lady-versa-id-10604,EXACT_TEXT,3,4,0,SAFE_FOR_OWNER_DECISION,0,0,PENDING,exact_product_name_identity|target_active|target_storefront_reachable|staging_http_200_verified|staging_self_canonical_verified|staging_h1_identity_verified|no_static_redirect_collision
10605,FootWave™ SOFTY,AT04506,14346,FootWave™ SOFTY,/products/footwave-softy,2,/footwave-softy-70941-id-10605|/footwave-softy-id-10605,EXACT_TEXT,2,3,0,SAFE_FOR_OWNER_DECISION,0,0,PENDING,exact_product_name_identity|target_active|target_storefront_reachable|staging_http_200_verified|staging_self_canonical_verified|staging_h1_identity_verified|no_static_redirect_collision
10606,FootWave™ KIDS,AM-SOB-03,14336,FootWave™ KIDS,/products/footwave-kids,2,/footwave-kids-70937-id-10606|/footwave-kids-id-10606,EXACT_TEXT,2,4,0,SAFE_FOR_OWNER_DECISION,0,0,PENDING,exact_product_name_identity|target_active|target_storefront_reachable|staging_http_200_verified|staging_self_canonical_verified|staging_h1_identity_verified|no_static_redirect_collision
10608,FootWave™ LADY HIGH HEEL,AT53008,14354,FootWave™ LADY HIGH HEEL,/products/footwave-lady-high-heel,2,/footwave-lady-high-heel-70929-id-10608|/footwave-lady-high-heel-id-10608,EXACT_TEXT,4,3,0,SAFE_FOR_OWNER_DECISION,0,0,PENDING,exact_product_name_identity|target_active|target_storefront_reachable|staging_http_200_verified|staging_self_canonical_verified|staging_h1_identity_verified|no_static_redirect_collision
10610,FootWave™ SPORT,DR-A201,14347,FootWave™ SPORT,/products/footwave-sport,2,/footwave-sport-70919-id-10610|/footwave-sport-id-10610,EXACT_TEXT,2,5,0,SAFE_FOR_OWNER_DECISION,0,0,PENDING,exact_product_name_identity|target_active|target_storefront_reachable|staging_http_200_verified|staging_self_canonical_verified|staging_h1_identity_verified|no_static_redirect_collision
11010,medi rękawiczki tekstylne,SDP-330,11982,medi rękawiczki tekstylne,/products/medi-r-kawiczki-tekstylne-pomoc-w-zak-adaniu,2,/medi-rekawiczki-tekstylne-72403-id-11010|/medi-rekawiczki-tekstylne-id-11010,EXACT_TEXT,3,3,0,SAFE_FOR_OWNER_DECISION,0,0,PENDING,exact_product_name_identity|target_active|target_storefront_reachable|staging_http_200_verified|staging_self_canonical_verified|staging_h1_identity_verified|no_static_redirect_collision
11131,HIT! szampon 200 ml wzmacniający i zapobiegający wypadaniu włosów,SOFIA,1752,HIT! szampon 200 ml wzmacniający i zapobiegający wypadaniu włosów,/products/hit-szampon-200-ml-wzmacniajacy-i-zapobiegajacy-wypadaniu-wlosow,1,/hit-szampon-200-ml-wzmacniajacy-i-zapobiegajacy-wypadaniu-wlosow-id-11131,EXACT_TEXT,6,1,0,SAFE_FOR_OWNER_DECISION,0,0,PENDING,exact_product_name_identity|target_active|target_storefront_reachable|staging_http_200_verified|staging_self_canonical_verified|staging_h1_identity_verified|no_static_redirect_collision
11132,HIT! krople do skóry głowy 60 ml wspomagające wzrost włosów oraz zapobiegające ich wypadaniu,6204,1753,HIT! krople do skóry głowy 60 ml wspomagające wzrost włosów oraz zapobiegające ich wypadaniu,/products/hit-krople-do-skory-glowy-60-ml-wspomagajace-wzrost-wlosow-oraz-zapobiegajace-ich-wypadaniu,1,/hit-krople-do-skory-glowy-60-ml-wspomagajace-wzrost-wlosow-oraz-zapobiegajace-ich-wypadaniu-id-11132,EXACT_TEXT,11,1,0,SAFE_FOR_OWNER_DECISION,0,0,PENDING,exact_product_name_identity|target_active|target_storefront_reachable|staging_http_200_verified|staging_self_canonical_verified|staging_h1_identity_verified|no_static_redirect_collision
11301,WÓZEK PRYSZNICOWO-TOALETOWY Z ODCHYLANYM SIEDZISKIEM I ZAGŁÓWKIEM,LD51,134,Wózek prysznicowo-toaletowy z odchylanym siedziskiem i zagłówkiem,/products/wozek-prysznicowo-toaletowy-z-odchylanym-siedziskiem-i-zaglowkiem,2,/wozek-prysznicowo-toaletowy-z-odchylanym-siedziskiem-i-zaglowkiem-74106-id-11301|/wozek-prysznicowo-toaletowy-z-odchylanym-siedziskiem-i-zaglowkiem-id-11301,CASE_ONLY,6,2,0,SAFE_FOR_OWNER_DECISION,0,0,PENDING,case_only_name_difference|target_active|target_storefront_reachable|staging_http_200_verified|staging_self_canonical_verified|staging_h1_identity_verified|no_static_redirect_collision
11309,Orteza tułowia AR-WSP-03/CCA,AR-WSP-03/CCA,9210,Orteza tułowia AR-WSP-03/CCA,/products/orteza-tulowia-ar-wsp-03-cca,2,/orteza-tulowia-ar-wsp-03cca-74114-id-11309|/orteza-tulowia-ar-wsp-03cca-id-11309,EXACT_TEXT,2,0,0,SAFE_FOR_OWNER_DECISION,0,0,PENDING,exact_product_name_identity|zero_active_variants_not_used_as_seo_identity_blocker|target_active|target_storefront_reachable|staging_http_200_verified|staging_self_canonical_verified|staging_h1_identity_verified|no_static_redirect_collision
11312,Orteza kończyny dolnej RAPTOR BIONIC,RAPTOR,8932,Orteza kończyny dolnej RAPTOR BIONIC,/products/orteza-konczyny-dolnej-raptor-bionic,2,/orteza-konczyny-dolnej-raptor-bionic-74147-id-11312|/orteza-konczyny-dolnej-raptor-bionic-id-11312,EXACT_TEXT,4,0,0,SAFE_FOR_OWNER_DECISION,0,0,PENDING,exact_product_name_identity|zero_active_variants_not_used_as_seo_identity_blocker|target_active|target_storefront_reachable|staging_http_200_verified|staging_self_canonical_verified|staging_h1_identity_verified|no_static_redirect_collision
11367,BODYMAP S Swimmer Poduszka do pływania,BODYMAP,9260,BODYMAP® S SWIMMER – PODUSZKA DO PŁYWANIA,/products/poduszka-do-plywania-bodymap-s-swimmer,2,/bodymap-s-swimmer-poduszka-do-plywania-74344-id-11367|/bodymap-s-swimmer-poduszka-do-plywania-id-11367,NORMALIZED_TEXT,3,0,0,SAFE_FOR_OWNER_DECISION,0,0,PENDING,punctuation_or_unicode_normalization_only|zero_active_variants_not_used_as_seo_identity_blocker|target_active|target_storefront_reachable|staging_http_200_verified|staging_self_canonical_verified|staging_h1_identity_verified|no_static_redirect_collision
12403,"Neoprenowy stabilizator stawu skokowego ""Ligamax Ankle""",O-1120,10622,Neoprenowy stabilizator stawu skokowego Ligamax Ankle,/products/neoprenowy-stabilizator-stawu-skokowego-ligamax-a,2,/neoprenowy-stabilizator-stawu-skokowego-ligamax-ankle-81324-id-12403|/neoprenowy-stabilizator-stawu-skokowego-ligamax-ankle-id-12403,NORMALIZED_TEXT,6,0,0,SAFE_FOR_OWNER_DECISION,0,0,PENDING,punctuation_or_unicode_normalization_only|zero_active_variants_not_used_as_seo_identity_blocker|target_active|target_storefront_reachable|staging_http_200_verified|staging_self_canonical_verified|staging_h1_identity_verified|no_static_redirect_collision
12404,"Pooperacyjna orteza stawu kolanowego ""T-Max Knee""",O-1270,10606,"Pooperacyjna orteza stawu kolanowego ""T-Max Knee""",/products/pooperacyjna-orteza-stawu-kolanowego-t-max-knee,1,/pooperacyjna-orteza-stawu-kolanowego-t-max-knee-id-12404,EXACT_TEXT,6,0,0,SAFE_FOR_OWNER_DECISION,0,0,PENDING,exact_product_name_identity|zero_active_variants_not_used_as_seo_identity_blocker|target_active|target_storefront_reachable|staging_http_200_verified|staging_self_canonical_verified|staging_h1_identity_verified|no_static_redirect_collision
12405,"Elastyczny stabilizator stawu kolanowego z osłoną silikonową i stalkami ""Genumax""",O-1211,10610,Elastyczny stabilizator stawu kolanowego z osłoną silikonową i stalkami Genumax,/products/elastyczny-stabilizator-stawu-kolanowego-z-oslona,2,/elastyczny-stabilizator-stawu-kolanowego-z-oslona-silikonowa-i-stalkami-genumax-81326-id-12405|/elastyczny-stabilizator-stawu-kolanowego-z-oslona-silikonowa-i-stalkami-genumax-id-12405,NORMALIZED_TEXT,8,0,0,SAFE_FOR_OWNER_DECISION,0,0,PENDING,punctuation_or_unicode_normalization_only|zero_active_variants_not_used_as_seo_identity_blocker|target_active|target_storefront_reachable|staging_http_200_verified|staging_self_canonical_verified|staging_h1_identity_verified|no_static_redirect_collision
12406,"Elastyczny stabilizator stawu kolanowego z zawiasami ""Genumax Plus""",O-1210,10611,Elastyczny stabilizator stawu kolanowego z zawiasami Genumax Plus,/products/elastyczny-stabilizator-stawu-kolanowego-z-zawiasa,2,/elastyczny-stabilizator-stawu-kolanowego-z-zawiasami-genumax-plus-81332-id-12406|/elastyczny-stabilizator-stawu-kolanowego-z-zawiasami-genumax-plus-id-12406,NORMALIZED_TEXT,7,0,0,SAFE_FOR_OWNER_DECISION,0,0,PENDING,punctuation_or_unicode_normalization_only|zero_active_variants_not_used_as_seo_identity_blocker|target_active|target_storefront_reachable|staging_http_200_verified|staging_self_canonical_verified|staging_h1_identity_verified|no_static_redirect_collision
12407,"Neoprenowy stabilizator stawu kolanowego ""Ligamax Knee""",O-1201,10623,Neoprenowy stabilizator stawu kolanowego Ligamax Knee,/products/neoprenowy-stabilizator-stawu-kolanowego-ligamax,2,/neoprenowy-stabilizator-stawu-kolanowego-ligamax-knee-81336-id-12407|/neoprenowy-stabilizator-stawu-kolanowego-ligamax-knee-id-12407,NORMALIZED_TEXT,6,0,0,SAFE_FOR_OWNER_DECISION,0,0,PENDING,punctuation_or_unicode_normalization_only|zero_active_variants_not_used_as_seo_identity_blocker|target_active|target_storefront_reachable|staging_http_200_verified|staging_self_canonical_verified|staging_h1_identity_verified|no_static_redirect_collision
12408,"Pas brzuszny ""24cm"" ""Ventrimax""",O-1400,10621,"Pas brzuszny ""24cm"" Ventrimax",/products/pas-brzuszny-24cm-ventrimax-rozmiar-s-o-1400,2,/pas-brzuszny-24cm-ventrimax-81338-id-12408|/pas-brzuszny-24cm-ventrimax-id-12408,NORMALIZED_TEXT,4,0,0,SAFE_FOR_OWNER_DECISION,0,0,PENDING,punctuation_or_unicode_normalization_only|zero_active_variants_not_used_as_seo_identity_blocker|target_active|target_storefront_reachable|staging_http_200_verified|staging_self_canonical_verified|staging_h1_identity_verified|no_static_redirect_collision
12409,"Pas brzuszny przewiewny ""24cm"" ""Ventrimax Air""",O-1401,10590,"Pas brzuszny przewiewny ""24cm"" Ventrimax Air",/products/pas-brzuszny-przewiewny-24cm-ventrimax-air-kolo,2,/pas-brzuszny-przewiewny-24cm-ventrimax-air-81343-id-12409|/pas-brzuszny-przewiewny-24cm-ventrimax-air-id-12409,NORMALIZED_TEXT,6,0,0,SAFE_FOR_OWNER_DECISION,0,0,PENDING,punctuation_or_unicode_normalization_only|zero_active_variants_not_used_as_seo_identity_blocker|target_active|target_storefront_reachable|staging_http_200_verified|staging_self_canonical_verified|staging_h1_identity_verified|no_static_redirect_collision
12410,"Wysoka sznurówka półsztywna z podpaszkami ""Lumbomax Spina""",O-1461,10614,"Wysoka sznurówka półsztywna z podpaszkami ""Lumbomax Spina""",/products/wysoka-sznurowka-polsztywna-z-podpaszkami-lumboma,2,/wysoka-sznurowka-polsztywna-z-podpaszkami-lumbomax-spina-81348-id-12410|/wysoka-sznurowka-polsztywna-z-podpaszkami-lumbomax-spina-id-12410,EXACT_TEXT,6,0,0,SAFE_FOR_OWNER_DECISION,0,0,PENDING,exact_product_name_identity|zero_active_variants_not_used_as_seo_identity_blocker|target_active|target_storefront_reachable|staging_http_200_verified|staging_self_canonical_verified|staging_h1_identity_verified|no_static_redirect_collision
12411,"Wysoka sznurówka półsztywna z pasami dociągowymi ""Lumbomax Stabil""",O-1460,10615,Wysoka sznurówka półsztywna z pasami dociągowymi „Lumbomax Stabil”,/products/wysoka-sznurowka-polsztywna-z-pasami-dociagowymi,2,/wysoka-sznurowka-polsztywna-z-pasami-dociagowymi-lumbomax-stabil-81353-id-12411|/wysoka-sznurowka-polsztywna-z-pasami-dociagowymi-lumbomax-stabil-id-12411,NORMALIZED_TEXT,7,0,0,SAFE_FOR_OWNER_DECISION,0,0,PENDING,punctuation_or_unicode_normalization_only|zero_active_variants_not_used_as_seo_identity_blocker|target_active|target_storefront_reachable|staging_http_200_verified|staging_self_canonical_verified|staging_h1_identity_verified|no_static_redirect_collision
12413,"Pas lędźwiowo-krzyżowy z pasami dociągowymi ""Lumbomax Plus""",O-1431,10613,"Pas lędźwiowo-krzyżowy z pasami dociągowymi ""Lumbomax Plus""",/products/pas-ledzwiowo-krzyzowy-z-pasami-dociagowymi-lumbo,2,/pas-ledzwiowo-krzyzowy-z-pasami-dociagowymi-lumbomax-plus-81358-id-12413|/pas-ledzwiowo-krzyzowy-z-pasami-dociagowymi-lumbomax-plus-id-12413,EXACT_TEXT,7,0,0,SAFE_FOR_OWNER_DECISION,0,0,PENDING,exact_product_name_identity|zero_active_variants_not_used_as_seo_identity_blocker|target_active|target_storefront_reachable|staging_http_200_verified|staging_self_canonical_verified|staging_h1_identity_verified|no_static_redirect_collision
12414,"Pas lędźwiowo-krzyżowy ""Lumbomax""",O-1430,10612,Pas lędźwiowo-krzyżowy „Lumbomax”,/products/pas-ledzwiowo-krzyzowy-lumbomax-rozmiar-s-o-14,2,/pas-ledzwiowo-krzyzowy-lumbomax-81363-id-12414|/pas-ledzwiowo-krzyzowy-lumbomax-id-12414,NORMALIZED_TEXT,4,0,0,SAFE_FOR_OWNER_DECISION,0,0,PENDING,punctuation_or_unicode_normalization_only|zero_active_variants_not_used_as_seo_identity_blocker|target_active|target_storefront_reachable|staging_http_200_verified|staging_self_canonical_verified|staging_h1_identity_verified|no_static_redirect_collision
12415,"Pas lędźwiowo-krzyżowy z pelotą silikonową ""Lumbomax Skin""",O-1432,10616,"Pas lędźwiowo-krzyżowy z pelotą silikonową ""Lumbomax Skin""",/products/pas-ledzwiowo-krzyzowy-z-pelota-silikonowa-lumbom,2,/pas-ledzwiowo-krzyzowy-z-pelota-silikonowa-lumbomax-skin-81369-id-12415|/pas-ledzwiowo-krzyzowy-z-pelota-silikonowa-lumbomax-skin-id-12415,EXACT_TEXT,7,0,0,SAFE_FOR_OWNER_DECISION,0,0,PENDING,exact_product_name_identity|zero_active_variants_not_used_as_seo_identity_blocker|target_active|target_storefront_reachable|staging_http_200_verified|staging_self_canonical_verified|staging_h1_identity_verified|no_static_redirect_collision
12416,"Pas lędźwiowo-krzyżowy z dociągami ""Lumbomax Disc""",O-1433,10617,"Pas lędźwiowo-krzyżowy z dociągami ""Lumbomax Disc""",/products/pas-ledzwiowo-krzyzowy-z-dociagami-lumbomax-disc,2,/pas-ledzwiowo-krzyzowy-z-dociagami-lumbomax-disc-81373-id-12416|/pas-ledzwiowo-krzyzowy-z-dociagami-lumbomax-disc-id-12416,EXACT_TEXT,6,0,0,SAFE_FOR_OWNER_DECISION,0,0,PENDING,exact_product_name_identity|zero_active_variants_not_used_as_seo_identity_blocker|target_active|target_storefront_reachable|staging_http_200_verified|staging_self_canonical_verified|staging_h1_identity_verified|no_static_redirect_collision
12418,Temblak kończyny górnej siatkowy,O-1501,13030,Temblak kończyny górnej siatkowy,/products/temblak-konczyny-gornej-siatkowy,2,/-temblak-konczyny-gornej-siatkowy-81378-id-12418|/-temblak-konczyny-gornej-siatkowy-id-12418,EXACT_TEXT,4,5,0,SAFE_FOR_OWNER_DECISION,0,0,PENDING,exact_product_name_identity|target_active|target_storefront_reachable|staging_http_200_verified|staging_self_canonical_verified|staging_h1_identity_verified|no_static_redirect_collision
12419,"Zegarowa orteza stawu łokciowego ""T-Max Elbow""",O-1670,10607,"Zegarowa orteza stawu łokciowego ""T-Max Elbow""",/products/zegarowa-orteza-stawu-lokciowego-t-max-elbow-pr,2,/zegarowa-orteza-stawu-lokciowego-t-max-elbow-81386-id-12419|/zegarowa-orteza-stawu-lokciowego-t-max-elbow-id-12419,EXACT_TEXT,6,0,0,SAFE_FOR_OWNER_DECISION,0,0,PENDING,exact_product_name_identity|zero_active_variants_not_used_as_seo_identity_blocker|target_active|target_storefront_reachable|staging_http_200_verified|staging_self_canonical_verified|staging_h1_identity_verified|no_static_redirect_collision
12421,"Neoprenowy stabilizator stawu łokciowego ""Ligamax Elbow""",O-1601,10626,Neoprenowy stabilizator stawu łokciowego Ligamax Elbow,/products/neoprenowy-stabilizator-stawu-lokciowego-ligamax,1,/neoprenowy-stabilizator-stawu-lokciowego-ligamax-elbow-id-12421,NORMALIZED_TEXT,6,0,0,SAFE_FOR_OWNER_DECISION,0,0,PENDING,punctuation_or_unicode_normalization_only|zero_active_variants_not_used_as_seo_identity_blocker|target_active|target_storefront_reachable|staging_http_200_verified|staging_self_canonical_verified|staging_h1_identity_verified|no_static_redirect_collision
12422,"Elastyczny stabilizator nadgarstka i kciuka ""Manimax T""",O-1742,10620,"Elastyczny stabilizator nadgarstka i kciuka ""Manimax T""",/products/elastyczny-stabilizator-nadgarstka-i-kciuka-manim,2,/elastyczny-stabilizator-nadgarstka-i-kciuka-manimax-t-81393-id-12422|/elastyczny-stabilizator-nadgarstka-i-kciuka-manimax-t-id-12422,EXACT_TEXT,5,0,0,SAFE_FOR_OWNER_DECISION,0,0,PENDING,exact_product_name_identity|zero_active_variants_not_used_as_seo_identity_blocker|target_active|target_storefront_reachable|staging_http_200_verified|staging_self_canonical_verified|staging_h1_identity_verified|no_static_redirect_collision
12423,"Elastyczny stabilizator nadgarstka ""Manimax""",O-1743,10619,"Elastyczny stabilizator nadgarstka ""Manimax""",/products/elastyczny-stabilizator-nadgarstka-manimax-rozm,2,/elastyczny-stabilizator-nadgarstka-manimax-81403-id-12423|/elastyczny-stabilizator-nadgarstka-manimax-id-12423,EXACT_TEXT,4,0,0,SAFE_FOR_OWNER_DECISION,0,0,PENDING,exact_product_name_identity|zero_active_variants_not_used_as_seo_identity_blocker|target_active|target_storefront_reachable|staging_http_200_verified|staging_self_canonical_verified|staging_h1_identity_verified|no_static_redirect_collision
12427,"Orteza wielopalcowa ręki ""Digimax""",O-1770,10629,"Orteza wielopalcowa ręki ""Digimax""",/products/orteza-wielopalcowa-reki-digimax-rozmiar-s-pra,2,/orteza-wielopalcowa-reki-digimax-81425-id-12427|/orteza-wielopalcowa-reki-digimax-id-12427,EXACT_TEXT,4,0,0,SAFE_FOR_OWNER_DECISION,0,0,PENDING,exact_product_name_identity|zero_active_variants_not_used_as_seo_identity_blocker|target_active|target_storefront_reachable|staging_http_200_verified|staging_self_canonical_verified|staging_h1_identity_verified|no_static_redirect_collision
12428,"Orteza palcowa ręki ""Digimax Plus""",O-1771,10627,"Orteza palcowa ręki ""Digimax Plus""",/products/orteza-palcowa-reki-digimax-plus-rozmiar-1-o,2,/orteza-palcowa-reki-digimax-plus-81431-id-12428|/orteza-palcowa-reki-digimax-plus-id-12428,EXACT_TEXT,5,0,0,SAFE_FOR_OWNER_DECISION,0,0,PENDING,exact_product_name_identity|zero_active_variants_not_used_as_seo_identity_blocker|target_active|target_storefront_reachable|staging_http_200_verified|staging_self_canonical_verified|staging_h1_identity_verified|no_static_redirect_collision
12430,"Neoprenowy stabilizator nadgarstka ""Ligamax Wrist""",O-1720,10625,Neoprenowy stabilizator nadgarstka Ligamax Wrist,/products/neoprenowy-stabilizator-nadgarstka-ligamax-wrist,1,/neoprenowy-stabilizator-nadgarstka-ligamax-wrist-id-12430,NORMALIZED_TEXT,5,0,0,SAFE_FOR_OWNER_DECISION,0,0,PENDING,punctuation_or_unicode_normalization_only|zero_active_variants_not_used_as_seo_identity_blocker|target_active|target_storefront_reachable|staging_http_200_verified|staging_self_canonical_verified|staging_h1_identity_verified|no_static_redirect_collision
12431,"Neoprenowy stabilizator nadgarstka z ujęciem ręki ""Ligamax Palm""",O-1721,10624,Neoprenowy stabilizator nadgarstka z ujęciem ręki Ligamax Palm,/products/neoprenowy-stabilizator-nadgarstka-z-ujeciem-reki,1,/neoprenowy-stabilizator-nadgarstka-z-ujeciem-reki-ligamax-palm-id-12431,NORMALIZED_TEXT,7,0,0,SAFE_FOR_OWNER_DECISION,0,0,PENDING,punctuation_or_unicode_normalization_only|zero_active_variants_not_used_as_seo_identity_blocker|target_active|target_storefront_reachable|staging_http_200_verified|staging_self_canonical_verified|staging_h1_identity_verified|no_static_redirect_collision
12432,Kołnierz ortopedyczny typu Schanza,O-1800,10608,Kołnierz ortopedyczny typu Schanza,/products/kolnierz-ortopedyczny-typu-schanza-rozmiar-s-wys,2,/kolnierz-ortopedyczny-typu-schanza-81436-id-12432|/kolnierz-ortopedyczny-typu-schanza-id-12432,EXACT_TEXT,4,0,0,SAFE_FOR_OWNER_DECISION,0,0,PENDING,exact_product_name_identity|zero_active_variants_not_used_as_seo_identity_blocker|target_active|target_storefront_reachable|staging_http_200_verified|staging_self_canonical_verified|staging_h1_identity_verified|no_static_redirect_collision
12614,Orteza lędźwiowo-krzyżowa AM-SO-10 czarny melanż,AM-SO-10,9204,ORTEZA LĘDŹWIOWO-KRZYŻOWA AM-SO-10 CZARNY MELANŻ,/products/orteza-ledzwiowo-krzyzowa-am-so-10-czarny-melanz,2,/orteza-ledzwiowo-krzyzowa-am-so-10-czarny-melanz-81965-id-12614|/orteza-ledzwiowo-krzyzowa-am-so-10-czarny-melanz-id-12614,CASE_ONLY,5,0,0,SAFE_FOR_OWNER_DECISION,0,0,PENDING,case_only_name_difference|zero_active_variants_not_used_as_seo_identity_blocker|target_active|target_storefront_reachable|staging_http_200_verified|staging_self_canonical_verified|staging_h1_identity_verified|no_static_redirect_collision
12637,Stolik przyłóżkowy,Stolik,284,Stolik przyłóżkowy,/products/stolik-przylozkowy,1,/stolik-przylozkowy-id-12637,EXACT_TEXT,1,1,1,SAFE_FOR_OWNER_DECISION,0,0,PENDING,exact_product_name_identity|low_semantic_token_count_reviewed|legacy_index_supports_product_identity|target_active|target_storefront_reachable|staging_http_200_verified|staging_self_canonical_verified|staging_h1_identity_verified|no_static_redirect_collision
12643,Thermcover nieprzemakalna termiczna osłona na nogi,THERMCOVER,41,THERMCOVER nieprzemakalna termiczna osłona na nogi,/products/nieprzemakalna-termiczna-oslona-na-nogi-thermcover,2,/thermcover-nieprzemakalna-termiczna-oslona-na-nogi-82048-id-12643|/thermcover-nieprzemakalna-termiczna-oslona-na-nogi-id-12643,CASE_ONLY,4,2,0,SAFE_FOR_OWNER_DECISION,0,0,PENDING,case_only_name_difference|target_active|target_storefront_reachable|staging_http_200_verified|staging_self_canonical_verified|staging_h1_identity_verified|no_static_redirect_collision
12648,Schodołaz transportowy Cargo Master C120,Cargo,68,Schodołaz transportowy Cargo Master C120,/products/schodolaz-transportpwy-cargo-master-c120,2,/schodolaz-transportowy-cargo-master-c120-82056-id-12648|/schodolaz-transportowy-cargo-master-c120-id-12648,EXACT_TEXT,4,1,0,SAFE_FOR_OWNER_DECISION,0,0,PENDING,exact_product_name_identity|target_active|target_storefront_reachable|staging_http_200_verified|staging_self_canonical_verified|staging_h1_identity_verified|no_static_redirect_collision
12649,Miękka nasadka sedesowa,301201,130,Miękka nasadka sedesowa,/products/miekka-nasadka-sedesowa,2,/miekka-nasadka-sedesowa-82066-id-12649|/miekka-nasadka-sedesowa-id-12649,EXACT_TEXT,3,2,0,SAFE_FOR_OWNER_DECISION,0,0,PENDING,exact_product_name_identity|target_active|target_storefront_reachable|staging_http_200_verified|staging_self_canonical_verified|staging_h1_identity_verified|no_static_redirect_collision
12700,Mobilis GenuWrap Stabilizator kolana,GenuWrap,13007,Mobilis GenuWrap | Stabilizator kolana,/products/mobilis-genuwrap-stabilizator-kolana,2,/mobilis-genuwrap-stabilizator-kolana-82438-id-12700|/mobilis-genuwrap-stabilizator-kolana-id-12700,NORMALIZED_TEXT,3,2,0,SAFE_FOR_OWNER_DECISION,0,0,PENDING,punctuation_or_unicode_normalization_only|target_active|target_storefront_reachable|staging_http_200_verified|staging_self_canonical_verified|staging_h1_identity_verified|no_static_redirect_collision
12702,Mobilis MalleoSupport Stabilizator stawu skokowego,MalleoSupport,13004,Mobilis MalleoSupport | Stabilizator stawu skokowego,/products/mobilis-malleosupport-stabilizator-stawu-skokowego,2,/mobilis-malleosupport-stabilizator-stawu-skokowego-82440-id-12702|/mobilis-malleosupport-stabilizator-stawu-skokowego-id-12702,NORMALIZED_TEXT,4,3,0,SAFE_FOR_OWNER_DECISION,0,0,PENDING,punctuation_or_unicode_normalization_only|target_active|target_storefront_reachable|staging_http_200_verified|staging_self_canonical_verified|staging_h1_identity_verified|no_static_redirect_collision
12704,Mobilis RhizoSupport Stabilizator kciuka,RhizoSupport,13006,Mobilis RhizoSupport | Stabilizator kciuka,/products/mobilis-rhizosupport-stabilizator-kciuka,2,/mobilis-rhizosupport-stabilizator-kciuka-82443-id-12704|/mobilis-rhizosupport-stabilizator-kciuka-id-12704,NORMALIZED_TEXT,3,2,0,SAFE_FOR_OWNER_DECISION,0,0,PENDING,punctuation_or_unicode_normalization_only|target_active|target_storefront_reachable|staging_http_200_verified|staging_self_canonical_verified|staging_h1_identity_verified|no_static_redirect_collision
12705,Mobilis ManuSupport Stabilizator nadgarstka,ManuSupport,13005,Mobilis ManuSupport | Stabilizator nadgarstka,/products/mobilis-manusupport-stabilizator-nadgarstka,2,/mobilis-manusupport-stabilizator-nadgarstka-82445-id-12705|/mobilis-manusupport-stabilizator-nadgarstka-id-12705,NORMALIZED_TEXT,3,2,0,SAFE_FOR_OWNER_DECISION,0,0,PENDING,punctuation_or_unicode_normalization_only|target_active|target_storefront_reachable|staging_http_200_verified|staging_self_canonical_verified|staging_h1_identity_verified|no_static_redirect_collision
12751,Wózek inwalidzki RF-4 Cruiser Active 2 Z,RF-4,10393,Wózek inwalidzki RF-4 Cruiser Active 2 Z,/products/wozek-inwalidzki-rf-4-cruiser-active-2-z-szer-42,1,/wozek-inwalidzki-rf-4-cruiser-active-2-z-id-12751,EXACT_TEXT,4,0,0,SAFE_FOR_OWNER_DECISION,0,0,PENDING,exact_product_name_identity|zero_active_variants_not_used_as_seo_identity_blocker|target_active|target_storefront_reachable|staging_http_200_verified|staging_self_canonical_verified|staging_h1_identity_verified|no_static_redirect_collision
12925,Magnetyczny Stabilizator Łokcia Opaska Turmalin,L24,9608,Magnetyczny Stabilizator Łokcia Opaska Turmalin,/products/magnetyczny-stabilizator-lokcia-opaska-turmalin,2,/magnetyczny-stabilizator-lokcia-opaska-turmalin-83199-id-12925|/magnetyczny-stabilizator-lokcia-opaska-turmalin-id-12925,EXACT_TEXT,5,2,0,SAFE_FOR_OWNER_DECISION,0,0,PENDING,exact_product_name_identity|target_active|target_storefront_reachable|staging_http_200_verified|staging_self_canonical_verified|staging_h1_identity_verified|no_static_redirect_collision
12931,Pas Żebrowy Ortopedyczny Na Żebra,A09,9438,Pas Żebrowy Ortopedyczny Na Żebra,/products/pas-zebrowy-ortopedyczny,2,/pas-zebrowy-ortopedyczny-na-zebra-83224-id-12931|/pas-zebrowy-ortopedyczny-na-zebra-id-12931,EXACT_TEXT,4,7,0,SAFE_FOR_OWNER_DECISION,0,0,PENDING,exact_product_name_identity|target_active|target_storefront_reachable|staging_http_200_verified|staging_self_canonical_verified|staging_h1_identity_verified|no_static_redirect_collision
12961,Orteza na Szpotawość i Koślawość Stabilizator Stawu Kolanowego,J08,9466,Orteza na Szpotawość i Koślawość Stabilizator Stawu Kolanowego,/products/orteza-na-szpotawosc-koslawosc,2,/orteza-na-szpotawosc-i-koslawosc-stabilizator-stawu-kolanowego-83314-id-12961|/orteza-na-szpotawosc-i-koslawosc-stabilizator-stawu-kolanowego-id-12961,EXACT_TEXT,6,7,0,SAFE_FOR_OWNER_DECISION,0,0,PENDING,exact_product_name_identity|target_active|target_storefront_reachable|staging_http_200_verified|staging_self_canonical_verified|staging_h1_identity_verified|no_static_redirect_collision
12967,Elastyczny Stabilizator Stawu Skokowego Opaska Kostki,D18,9486,Elastyczny Stabilizator Stawu Skokowego Opaska Kostki,/products/stabilizator-stawu-skokowego-orteza-kostki,2,/elastyczny-stabilizator-stawu-skokowego-opaska-kostki-83343-id-12967|/elastyczny-stabilizator-stawu-skokowego-opaska-kostki-id-12967,EXACT_TEXT,6,6,0,SAFE_FOR_OWNER_DECISION,0,0,PENDING,exact_product_name_identity|target_active|target_storefront_reachable|staging_http_200_verified|staging_self_canonical_verified|staging_h1_identity_verified|no_static_redirect_collision
12969,Orteza Stopy Stabilizator Stawu Skokowego,D01,9498,Orteza Stopy Stabilizator Stawu Skokowego,/products/orteza-kostki-stabilizator,2,/orteza-stopy-stabilizator-stawu-skokowego-83352-id-12969|/orteza-stopy-stabilizator-stawu-skokowego-id-12969,EXACT_TEXT,5,7,0,SAFE_FOR_OWNER_DECISION,0,0,PENDING,exact_product_name_identity|target_active|target_storefront_reachable|staging_http_200_verified|staging_self_canonical_verified|staging_h1_identity_verified|no_static_redirect_collision
12970,Aparat Szyna korekcyjna na haluksy Koślawy Paluch,K14,9501,Aparat Szyna korekcyjna na haluksy Koślawy Paluch,/products/aparat-szyna-korekcyjna-haluksy,1,/aparat-szyna-korekcyjna-na-haluksy-koslawy-paluch-id-12970,EXACT_TEXT,6,1,0,SAFE_FOR_OWNER_DECISION,0,0,PENDING,exact_product_name_identity|target_active|target_storefront_reachable|staging_http_200_verified|staging_self_canonical_verified|staging_h1_identity_verified|no_static_redirect_collision
12971,Pediatryczny Miękki Kołnierz Szyjny Ortopedyczny Typu Schantza,B01,9604,Pediatryczny Miękki Kołnierz Szyjny Ortopedyczny Typu Schantza,/products/pediatryczny-miekki-kolnierz-szyjny,1,/pediatryczny-miekki-kolnierz-szyjny-ortopedyczny-typu-schantza-id-12971,EXACT_TEXT,7,1,0,SAFE_FOR_OWNER_DECISION,0,0,PENDING,exact_product_name_identity|target_active|target_storefront_reachable|staging_http_200_verified|staging_self_canonical_verified|staging_h1_identity_verified|no_static_redirect_collision
12979,Pediatryczne Wkładki Ortopedyczne Na Płaskostopie,K11,9502,Pediatryczne Wkładki Ortopedyczne Na Płaskostopie,/products/pediatryczne-wkladki-ortopedyczne-na-plaskostopie,2,/pediatryczne-wkladki-ortopedyczne-na-plaskostopie-83360-id-12979|/pediatryczne-wkladki-ortopedyczne-na-plaskostopie-id-12979,EXACT_TEXT,4,3,0,SAFE_FOR_OWNER_DECISION,0,0,PENDING,exact_product_name_identity|target_active|target_storefront_reachable|staging_http_200_verified|staging_self_canonical_verified|staging_h1_identity_verified|no_static_redirect_collision
12981,Laska Inwalidzka Typu Czwórnóg Czarna,L36,9706,Laska Inwalidzka Typu Czwórnóg Czarna,/products/laska-inwalidzka-czwornog,1,/laska-inwalidzka-typu-czwornog-czarna-id-12981,EXACT_TEXT,5,1,0,SAFE_FOR_OWNER_DECISION,0,0,PENDING,exact_product_name_identity|target_active|target_storefront_reachable|staging_http_200_verified|staging_self_canonical_verified|staging_h1_identity_verified|no_static_redirect_collision
12986,Kompres Żelowy Do Wielokrotnego Użytku Na Ciepło Oraz Zimno,H11,9618,Kompres Żelowy Do Wielokrotnego Użytku Na Ciepło Oraz Zimno,/products/kompres-zelowy-do-wielokrotnego-uzytku-na-cieplo-oraz-zimno,2,/kompres-zelowy-do-wielokrotnego-uzytku-na-cieplo-oraz-zimno-83433-id-12986|/kompres-zelowy-do-wielokrotnego-uzytku-na-cieplo-oraz-zimno-id-12986,EXACT_TEXT,7,4,0,SAFE_FOR_OWNER_DECISION,0,0,PENDING,exact_product_name_identity|target_active|target_storefront_reachable|staging_http_200_verified|staging_self_canonical_verified|staging_h1_identity_verified|no_static_redirect_collision
13024,Peg Contour Insole Uni - uniwersalna wkładka odciążająca,Peg,13341,Peg Contour Insole Uni - uniwersalna wkładka odciążająca,/products/peg-contour-insole-uni-uniwersalna-wkladka-odciazajaca,2,/peg-contour-insole-uni-uniwersalna-wkladka-odciazajaca-83519-id-13024|/peg-contour-insole-uni-uniwersalna-wkladka-odciazajaca-id-13024,EXACT_TEXT,6,12,0,SAFE_FOR_OWNER_DECISION,0,0,PENDING,exact_product_name_identity|target_active|target_storefront_reachable|staging_http_200_verified|staging_self_canonical_verified|staging_h1_identity_verified|no_static_redirect_collision
13659,Orteza kończyny dolnej OA PRIME,OA,8898,Orteza kończyny dolnej OA PRIME,/products/orteza-konczyny-dolnej-oa-prime,1,/orteza-konczyny-dolnej-oa-prime-86353-id-13659,EXACT_TEXT,4,0,0,SAFE_FOR_OWNER_DECISION,0,0,PENDING,exact_product_name_identity|zero_active_variants_not_used_as_seo_identity_blocker|target_active|target_storefront_reachable|staging_http_200_verified|staging_self_canonical_verified|staging_h1_identity_verified|no_static_redirect_collision
13720,Orteza kończyny dolnej ATOM/2R,ATOM/2R,8859,Orteza kończyny dolnej ATOM/2R,/products/orteza-konczyny-dolnej-atom-2r,1,/orteza-konczyny-dolnej-atom2r-86505-id-13720,EXACT_TEXT,3,0,0,SAFE_FOR_OWNER_DECISION,0,0,PENDING,exact_product_name_identity|zero_active_variants_not_used_as_seo_identity_blocker|target_active|target_storefront_reachable|staging_http_200_verified|staging_self_canonical_verified|staging_h1_identity_verified|no_static_redirect_collision
